T1,T2,T3,Current,Voltage,Target,T_prev,rise_rate
30.984113316883768,31.227819097737683,31.008146487768773,2.802815677369743,11.780438953837477,31.6472248212517,30.521322817360645,0.46279049952312334
31.51443391252084,31.87675605550841,31.550484495725858,3.175643731788329,11.758122478138798,32.24948095268201,30.984113316883768,0.5303205956370718
32.07354495202578,32.55321521100767,32.12168269501259,3.3607663744780414,12.424498184843957,32.81258757541701,31.51443391252084,0.5591110395049377
32.5989245144573,33.18114291008749,32.657695301706234,3.236285281462008,12.116931009954564,33.360855020923736,32.07354495202578,0.5253795624315245
33.11269442694309,33.78860697189001,33.18126366393811,3.220520174311622,12.374786674449886,33.926124469059175,32.5989245144573,0.5137699124857846
33.64407301621708,34.41193435947641,33.72236603148403,3.3505711345695817,11.859176440529293,34.45870821968432,33.11269442694309,0.5313785892739915
34.14704685944201,34.99520424774725,34.233873551863695,3.252490383420429,12.141029414060387,35.015522244466986,33.64407301621708,0.5029738432249289
34.673965257716866,35.60312419431114,34.769477281372964,3.4144809384879733,11.511085763767632,35.55139751562112,34.14704685944201,0.5269183982748586
35.18305119303987,36.18476578623528,35.286375567588216,3.369910308727306,12.306340267622318,35.87470338675997,34.673965257716866,0.5090859353230073
35.48432810976872,36.54897829107919,35.590803759432006,3.374518243628681,12.035398529001094,36.19747376134936,35.18305119303987,0.3012769167288454
35.786412074553695,36.910156938319126,35.89585227117525,3.4023876167707248,11.829760641061355,36.518298841811486,35.48432810976872,0.3020839647849769
36.0878959137546,37.266907105818575,36.20009350586128,3.423685917083344,12.18799081430842,36.833524254804146,35.786412074553695,0.3014838392009054
36.385298939087846,37.61529739208892,36.49997643323567,3.427903598835305,11.735503986095836,37.1587054562517,36.0878959137546,0.2974030253332458
36.69289526845834,37.97307978950815,36.81014131078864,3.5035116954611665,12.531738609505352,37.5024659121812,36.385298939087846,0.3075963293704902
37.01862532248571,38.35005145757379,37.13872095648411,3.61992134487768,11.80420985561283,37.8944395402142,36.69289526845834,0.32573005402737465
37.38989747094582,38.77964009731764,37.51378105237916,3.875080661040316,11.534469593546715,38.26179410845498,37.01862532248571,0.3712721484601076
37.7395011540504,39.179455471602445,37.8664256997121,3.798033899980302,11.660654431278136,38.554922267195614,37.38989747094582,0.3496036831045828
38.02137463405786,39.4938814500666,38.14951071746238,3.4893220836871137,11.909764714345023,38.85523304729937,37.7395011540504,0.28187348000745516
38.31040218400073,39.815452708656494,38.43984424924087,3.550024531519281,12.318826054540178,39.15672554502504,38.02137463405786,0.2890275499428725
38.601026288826745,40.137420322513954,38.73173002373443,3.5836556900645737,12.206979580066928,39.441777814761565,38.31040218400073,0.29062410482601564
38.876918489530006,40.43996988839567,39.008445066359016,3.5359242290302744,12.50913000582884,39.799580028977466,38.601026288826745,0.2758922007032609
39.22044240149249,40.823910948979886,39.35438673646002,3.8990062688788583,11.705952070060178,40.109014948061,38.876918489530006,0.34352391196248533
39.519892483592905,41.152109347458776,39.65504301313131,3.708947795902588,11.825812095482473,40.44939456712792,39.22044240149249,0.2994500821004138
39.84834612283057,41.51449915128913,39.98533842726405,3.8810357581610178,11.935997071427131,40.76266073939414,39.519892483592905,0.32845363923766513
40.15222305084893,41.845405379661,40.2903537876725,3.787603949528994,12.154217473149536,41.10251480617617,39.84834612283057,0.3038769280183615
40.48102355469339,42.205686185670885,40.62083467816421,3.9399065914259466,12.333273887230488,41.157842295057286,40.15222305084893,0.32880050384445525
40.52515167785403,42.28737115161295,40.66100405570486,4.29627670817481,12.378946521349471,41.2186902508985,40.48102355469339,0.04412812316064674
40.57529682635469,42.37333945125644,40.70743447508435,4.32701896291278,12.54621412719408,41.246258240500744,40.52515167785403,0.0501451485006541
40.59552951892401,42.41993169597927,40.72331350659894,4.178888882991907,12.328106230361254,41.25651543936221,40.57529682635469,0.020232692569322808
40.60039981261028,42.44556146923307,40.723585036243286,4.101464202618195,12.152396943609393,41.28955417404922,40.59552951892401,0.004870293686266791
40.62684983540286,42.4957022216068,40.74611046513802,4.207773929561637,12.178171302643428,41.31524626235602,40.60039981261028,0.026450022792580796
40.64707530032232,42.53628630030372,40.762377186442,4.176927069517173,11.792247108726304,41.374272754947526,40.62684983540286,0.020225464919462866
40.69861238760981,42.613362161719714,40.81084371551304,4.333471866471591,11.835628963311654,41.423225345028925,40.64707530032232,0.05153708728749251
40.74142551989171,42.6777942781869,40.85045623700815,4.292451922759475,11.797124181516793,41.49181903001206,40.69861238760981,0.04281313228189987
40.80289793885808,42.76328197005097,40.90927718112714,4.387867770991496,12.058834054142284,41.5138120841051,40.74142551989171,0.06147241896636757
40.82182102960819,42.79503505874671,40.9245801639604,4.178866844517059,12.401125915338556,41.55326569183169,40.80289793885808,0.018923090750107008
40.85718252955544,42.8457685770402,40.95684596889943,4.26166819978322,11.674463570430856,41.60103754857113,40.82182102960819,0.0353614999472498
40.900578449126805,42.90509236983365,40.99744182675291,4.303839246063919,12.243203243066734,41.666591176842395,40.85718252955544,0.0433959195713669
40.96076578720751,42.98368133430176,41.05532640901793,4.390543143245504,11.591606331471809,41.683935136147056,40.900578449126805,0.06018733808070209
40.97677144180148,43.00701760253553,41.06801636410416,4.17381329698118,12.510952993071529,41.824036444457555,40.96076578720751,0.016005654593975294
41.10644059140626,43.16840527176496,41.19726347020143,4.7429982761306615,12.54869414666478,41.94864035840162,40.97677144180148,0.12966914960477993
41.222451788070295,43.31097611848648,41.31249316864809,4.684503574424935,12.233579368521312,41.992962195680974,41.10644059140626,0.11601119666403292
41.264779332217785,43.3618703133553,41.35223694146985,4.325030466502868,12.422025389607857,42.05959969470391,41.222451788070295,0.04232754414748996
41.3278988987936,43.43752881167615,41.413371373642,4.432366667987112,12.31351407917676,42.18010935008742,41.264779332217785,0.06311956657581419
41.44107220975594,43.57341238346022,41.52584345704609,4.6876934534028285,12.34318906474453,42.238774348906496,41.3278988987936,0.11317331096233829
41.49751279796063,43.63861304026361,41.58019720849524,4.413076144628607,12.009931926728704,42.38436926633167,41.44107220975594,0.05644058820469411
41.63448264855453,43.80150757703724,41.71711757340322,4.8204905085352125,12.147506789350803,42.49490099553571,41.49751279796063,0.13696985059389988
41.73954270243365,43.92384137786842,41.82131890630503,4.6720460414028375,11.816070355977528,42.61965246380128,41.63448264855453,0.10506005387912154
41.858070194320575,44.06155752412111,41.93932967296215,4.748161862134489,11.77561709731892,42.763024063127204,41.73954270243365,0.11852749188692258
41.99416973561747,44.21956349915018,42.07533895461396,4.845955992936465,11.83021172527741,42.83034365609143,41.858070194320575,0.13609954129689328
42.06035307328335,44.29097415828821,42.13970373670274,4.507794285537866,12.559845972758197,42.9679108021279,41.99416973561747,0.06618333766588336
42.19153606093488,44.44147365764419,42.27072268780462,4.838888137085517,11.607467800126434,43.07218849576038,42.06035307328335,0.13118298765152758
42.29228144527144,44.55373814519235,42.37054589681736,4.6978867681053655,12.29869949266088,43.242605437483085,42.19153606093488,0.10074538433656244
42.45435576106818,44.74024086248301,42.53321968889807,5.013454053518741,11.759615797444477,43.416583531247134,42.29228144527144,0.1620743157967368
42.620167892205416,44.92991201555247,42.69967068598351,5.045907721651527,11.825023234220662,43.47166553094425,42.45435576106818,0.16581213113723692
42.67646577327359,44.98464765153887,42.75388316802029,4.512531782226715,11.689653662688247,43.5951340957319,42.620167892205416,0.05629788106817557
42.79587402080003,45.11669264673488,42.872835619660776,4.83386962713303,12.20041811665775,43.75607704267046,42.67646577327359,0.11940824752643664
42.95011451581255,45.290640014132045,43.02747659806681,5.018708014549135,11.87063873756455,43.86150900844237,42.79587402080003,0.15424049501252313
43.05335454527852,45.401336407930025,43.12983607211857,4.7771590490791445,11.710128903380271,44.04545485663328,42.95011451581255,0.10324002946597233
43.22925578493639,45.60044849256782,43.3066602923956,5.150043466552081,11.75191185749738,44.15642059195065,43.05335454527852,0.1759012396578683
43.33807182546335,45.7164889878586,43.41470096253,4.829886510365275,12.533024711585156,44.33787419543436,43.22925578493639,0.10881604052696048
43.51211515888826,45.91191968303898,43.589587744375855,5.16618213343139,12.181410000987013,44.459239488662284,43.33807182546335,0.17404333342490474
43.63094765923972,46.0389096657844,43.70786114096272,4.905393565231045,12.340512181810254,44.61772850279726,43.51211515888826,0.11883250035146631
43.78416996996521,46.20763413659116,43.86138140183542,5.088410118896936,12.413792812582017,44.778138771639995,43.63094765923972,0.1532223107254893
43.93938731274413,46.37810921330212,44.01691978887374,5.112157294228487,11.622798661759605,44.94218909909159,43.78416996996521,0.15521734277891852
44.09818019003753,46.55229208272677,44.17609502451046,5.144030927685658,12.054339190725663,45.08652053468722,43.93938731274413,0.15879287729340064
44.238948643166864,46.70383521400827,44.31677774688651,5.068249095381494,12.133427933775282,45.209903880198766,44.09818019003753,0.14076845312933273
44.36045402409805,46.8315336834407,44.43772393305756,4.984933111888471,12.29630836766687,45.32658240809005,44.238948643166864,0.12150538093118257
44.47576703318558,46.9516320774183,44.55234811366626,4.965502481913234,11.62717766650525,45.41016148529177,44.36045402409805,0.1153130090875365
44.56045116839611,47.03440874840196,44.63562453907724,4.823410874947951,11.589636567782708,45.50165747996592,44.47576703318558,0.08468413521053009
44.65229046896806,47.12638553046645,44.72629644046324,4.867845861698767,11.567265293621878,45.67220030839436,44.56045116839611,0.091839300571948
44.81710310676932,47.3077222447239,44.89177557368984,5.24188272975326,12.406762538086657,45.72845672273024,44.65229046896806,0.16481263780126199
44.87647164653743,47.35970171741828,44.949196804235,4.7294910957219685,12.52509317505512,45.89694566151229,44.81710310676932,0.05936853976810852
45.03933669942617,47.538766145728665,45.112734139382056,5.253649422009395,12.180998859756702,46.066825323173525,44.87647164653743,0.16286505288874054
45.203714765026085,47.71898060786797,45.27778059662651,5.275881053311918,11.983279329002825,46.23494128790366,45.03933669942617,0.1643780655999123
45.36667753338484,47.89680903015905,45.44133730016707,5.283658734012196,12.242668965881077,46.39131785448251,45.203714765026085,0.1629627683587529
45.51897646492007,48.06104258637218,45.59393451215528,5.245149261337224,12.4222598438676,46.14923310681871,45.36667753338484,0.15229893153523477
45.2778045181945,47.82485432396938,45.34504047829224,5.2918313007189175,12.306076728559772,46.193161237001085,45.51897646492007,-0.24117194672557218
45.32663943383056,47.86093667463502,45.3919076025377,4.717250049422257,12.451924977214004,46.3028806849076,45.2778045181945,0.04883491563605702
45.43589954310447,47.97196496083108,45.50077755078725,5.025534765672163,11.633600205296542,46.42397943205051,45.32663943383056,0.10926010927391161
45.555588689089625,48.09599738217001,45.620352224891874,5.088429142463579,12.571002892119855,46.08580956796331,45.43589954310447,0.11968914598515568
45.22541829949888,47.75131280212295,45.2806976022681,4.850666051647184,11.513799950568115,46.1793389499056,45.555588689089625,-0.33017038959074796
45.319552979095725,47.84398923226407,45.374474638357,4.940625777671719,11.853798652285615,46.221293738214364,45.22541829949888,0.09413467959684851
45.36583911874083,47.87878232246656,45.419259773435705,4.710942370818276,12.33971841270695,46.381130722784285,45.319552979095725,0.04628613964510464
45.520756622326246,48.04722621729667,45.575409328729926,5.259877109428588,11.928733514485046,46.115692650279605,45.36583911874083,0.15491750358541623
45.25745376306397,47.78494936363655,45.304674824138296,5.182914406424182,12.229606046264218,46.19756705833266,45.520756622326246,-0.26330285926227504
45.34076475081517,47.86425337451866,45.38768304966417,4.889550755005146,11.782272699639485,46.33851026487361,45.25745376306397,0.08331098775119727
45.47848248086568,48.01059738576943,45.526450927985735,5.170316262963707,11.57080332412812,46.07678822780638,45.34076475081517,0.13771773005051102
45.21877759456685,47.7519330713388,45.25965401751349,5.196112326102049,11.513159245096288,46.13789708669978,45.47848248086568,-0.2597048862988274
45.28304707528253,47.807249416600285,45.32339476821653,4.789909615357884,12.36191109452082,46.196366098330515,45.21877759456685,0.06426948071568006
45.3445551119644,47.86019536684128,45.38434781618586,4.783424656805826,11.89089894037396,46.22167882266756,45.28304707528253,0.06150803668186455
45.375097702950384,47.87631762096681,45.41362114408549,4.635604440638655,11.922748870667034,46.34166633809148,45.3445551119644,0.030542590985987772
45.49275635467816,48.00002956259582,45.53221309700045,5.075681037132282,11.682111170406674,45.9863901106969,45.375097702950384,0.11765865172777268
45.14581929158271,47.63691555641944,45.17643548408857,4.76386299919877,11.788059332242282,46.10601910162658,45.49275635467816,-0.3469370630954458
45.26311963538239,47.759965490625206,45.29497217887213,5.051974021672985,12.431845050361405,46.16268285553951,45.14581929158271,0.11730034379967691
45.322209697136806,47.81200984353652,45.35382902594518,4.772077686786034,12.08823746832781,46.2104174568856,45.26311963538239,0.05909006175441789
45.372781452734806,47.85448539843322,45.40398551948878,4.736099733063711,12.458957752597208,46.331962171417935,45.322209697136806,0.05057175559799987
45.49132330609619,47.98075853524146,45.52380467291617,5.081817017510572,12.13228579675789,46.37961427760812,45.372781452734806,0.11854185336138556
45.54160168259246,48.02360051587949,45.5736406343524,4.7515806901764295,12.293203494800562,46.03381805939262,45.49132330609619,0.050278376496265764
45.20265680340958,47.67240704704584,45.226390327722456,4.81123588901617,12.40583641885832,46.11182619650375,45.54160168259246,-0.3389448791828755
45.2807948102912,47.74956169267587,45.30512208654416,4.863980690385429,12.510463538782965,46.13468669898466,45.20265680340958,0.0781380068816162
45.307818797997406,47.76476426432336,45.3314770346332,4.61632273132171,11.868699768086346,46.20556027550611,45.2807948102912,0.027023987706208175
45.37888883185926,47.83479072638814,45.40300126827092,4.8404375024764,11.872404100212355,46.242708761455816,45.307818797997406,0.07107003386185085
45.41866008987061,47.867013706077245,45.4424524884196,4.691154983789834,11.633573916556882,46.321526093892295,45.37888883185926,0.03977125801135628
45.4967100014077,47.94672338272159,45.521144897547615,4.887280205051832,11.765645994653926,46.316976435396704,45.41866008987061,0.07804991153708585
45.4976225023887,47.93251104781648,45.52079575598492,4.509232166914405,12.561386022342584,46.34724258011247,45.4967100014077,0.0009125009810020401
45.53031994434416,47.9583252442677,45.55308255172556,4.66976060547342,11.899157683111763,46.37754867231166,45.4976225023887,0.032697441955455986
45.56282894829767,47.9846103158224,45.585206752814905,4.672776484209591,11.898926118478531,46.433923929736274,45.53031994434416,0.03250900395351408
45.6192357608679,48.04069586416954,45.64184016417139,4.796138820928461,12.40343359363552,46.02612739301369,45.56282894829767,0.05640681257023061
45.2212076681184,47.622627973447344,45.234546537475296,4.529637102009081,11.770792172115714,45.985844977158536,45.6192357608679,-0.3980280927494988
45.188075304275664,47.56963879197119,45.19982083522876,4.316316917065273,11.695452665363062,45.948155306676576,45.2212076681184,-0.03313236384273921
45.15684802445355,47.520477389457945,45.16714050611826,4.324514782547438,11.597430338937698,45.963490402408326,45.188075304275664,-0.031227279822111598
45.174208042912944,47.53194498704914,45.18431817726289,4.566121958241871,11.89882782216314,45.98591339672783,45.15684802445355,0.01736001845939228
45.197943486800966,47.55175136014374,45.2080453432388,4.600324329317767,12.253909065580862,46.030174861836365,45.174208042912944,0.023735443888021734
45.241738654127325,47.59645541399706,45.25233051738471,4.703389397977618,11.700113563806052,46.030122234473616,45.197943486800966,0.04379516732635835
45.24452978860778,47.59124318211582,45.254593732697245,4.502657861828027,12.296703082841432,45.96388376491904,45.241738654127325,0.0027911344804536498
45.18590279029027,47.51177371715001,45.19397478731684,4.196646647922439,12.059257829403595,45.98227161667475,45.24452978860778,-0.05862699831750717
45.20503850229798,47.52865117904489,45.21312516868139,4.58168174638161,11.847378812817766,45.94047068829627,45.18590279029027,0.019135712007710026
45.16843583017986,47.4777943415509,45.17518189315805,4.305129221964487,12.500887759229297,45.9114339303189,45.20503850229798,-0.036602672118121404
45.14329730471117,47.44194789010422,45.14905659614129,4.360215104537429,12.33261744027964,45.86827498717144,45.16843583017986,-0.025138525468690887
45.104843286039895,47.39063571319969,45.10934596227472,4.292194578575438,11.598286141082534,45.86599389380179,45.14329730471117,-0.03845401867127407
45.10388899769606,47.38597434420765,45.10811833950166,4.477133644168853,12.252865657318306,45.81028351385785,45.104843286039895,-0.0009542883438342642
45.05343189026358,47.32122164685995,45.05619700445,4.229894827956041,11.883315270098546,45.70662529390211,45.10388899769606,-0.050457107432478665
44.95831592447753,47.20295485889165,44.95860509833712,4.0029843844364565,11.808615802328244,45.635428326415706,45.05343189026358,-0.09511596578605008
44.89270918679944,47.1222040156087,44.891371776838994,4.143334010615909,12.3795921667254,45.50994194560867,44.95831592447753,-0.06560673767808822
44.77657538942362,46.98078730573821,44.772463141664176,3.885652448919896,11.566060440114711,45.38560550820923,44.89270918679944,-0.11613379737582363
44.66096650554574,46.841614723039264,44.65423529604269,3.879191927921476,12.517061477387584,45.33966101804278,44.77657538942362,-0.11560888387788282
44.61735159792848,46.79173932730888,44.60989212889096,4.229957290718962,11.999666860145748,45.245630712790536,44.66096650554574,-0.04361490761725406
44.52915828785079,46.68781513675711,44.51991871376373,4.003329836466346,12.373821745347175,45.10283463479855,44.61735159792848,-0.08819331007769193
44.395557444357934,46.52942677405735,44.38351968598036,3.769045926430147,11.635855548444791,45.05046305207143,44.52915828785079,-0.13360084349285728
44.34506593947263,46.47392358901241,44.33239962772926,4.17371128703932,12.242284777239162,44.919698175527536,44.395557444357934,-0.05049150488530074
44.22201383894176,46.33010292132643,44.20697776631441,3.8063603263389454,11.551076155934972,44.757479013534386,44.34506593947263,-0.12305210053087023
44.069468857778176,46.15150589528977,44.0514622875352,3.648667569837816,12.596438553954904,44.70620887835458,44.22201383894176,-0.1525449811635866
44.019001025857975,46.098961773222406,44.00066383598337,4.146404022425652,12.149864811732158,44.57868187352148,44.069468857778176,-0.050467831920201434
43.89802737563848,45.96036647748195,43.87765176744404,3.78903577675186,11.814422087539803,44.401661785502746,44.019001025857975,-0.12097365021949713
43.73096339973431,45.76649653966268,43.70752541711126,3.548248947858656,11.78260706263267,44.30638200983679,43.89802737563848,-0.16706397590417055
43.63896593866318,45.6657299473484,43.61445014349878,3.9095557206249865,12.18052117535477,44.1362629631173,43.73096339973431,-0.09199746107112361
43.477644433759565,45.4807350824878,43.45040937310453,3.5546126684797086,12.486956247980524,44.03235440363892,43.63896593866318,-0.16132150490361852
43.37710705608398,45.37118574375235,43.34877041108043,3.8447684901251935,12.483755378895816,43.82906280239336,43.477644433759565,-0.10053737767558601
43.18455492416185,45.14971122836747,43.15292225465075,3.375542177230921,12.266431385820162,43.633474875933416,43.37710705608398,-0.1925521319221275
42.99858458399156,44.93785985011287,42.96398019369581,3.3920881611441454,11.818125995906843,43.51876654828222,43.18455492416185,-0.185970340170293
42.88693363179553,44.818048816609576,42.85131719644154,3.7476761708068858,11.688535159134782,43.41694548502911,42.99858458399156,-0.11165095219602961
42.78711794566709,44.71289540982861,42.75082309959164,3.7965034140559575,12.24229191411296,43.22108030864612,42.88693363179553,-0.09981568612843716
42.60032293388648,44.50166276332784,42.56125522872403,3.352158989247473,12.236905432063438,43.06244902997805,42.78711794566709,-0.1867950117806103
42.4475297875392,44.333162516743386,42.40665478565156,3.505932578708133,12.344028821365658,42.93758374292495,42.60032293388648,-0.15279314634727825
42.32572547226019,44.20314072196224,42.28388503455243,3.6471681294384486,11.85790861901567,42.77253229226046,42.4475297875392,-0.12180431527901447
42.16669253985207,44.02788375658425,42.12302058034506,3.4496663602152178,11.751023238361714,42.569911988891434,42.32572547226019,-0.15903293240811678
41.97268128272397,43.810643291651736,41.92641139229859,3.260493846671482,11.70975370324385,42.34612268436214,42.16669253985207,-0.1940112571281034
41.75871051520184,43.57017547384719,41.70948206403738,3.143618089768964,12.364502511842888,42.15279772505375,41.97268128272397,-0.2139707675221274
41.57246067646023,43.36483788709375,41.52109461160729,3.2634753619476435,11.933534525325156,42.022442236582314,41.75871051520184,-0.1862498387416096
41.44415405568649,43.23100664546535,41.3921660085951,3.5364752427139527,12.2304859167208,41.76424006112361,41.57246067646023,-0.128306620773742
41.19764311044113,42.9529045300055,41.14217254292419,2.9331754203639457,12.436881556167462,41.56518542566685,41.44415405568649,-0.24651094524536177
41.00527881659452,42.74245929336065,40.94781816704536,3.182416699854632,12.312271117340602,41.35069320862865,41.19764311044113,-0.1923642938466088
40.79839224460336,42.51500641775847,40.73868096352412,3.092376974027017,12.147822804690673,41.17849604938735,41.00527881659452,-0.20688657199115568
40.63031809935767,42.33575971337053,40.56941033543384,3.2678070809163686,12.513010660697008,40.99706740136636,40.79839224460336,-0.16807414524568998
40.45361695381685,42.146230337352605,40.391354912929614,3.2089819208303925,11.59315525079004,40.71238760542477,40.63031809935767,-0.17670114554082517
40.18131780257275,41.84041507561532,40.11542993808626,2.714604600807605,12.133235449026078,40.77825777691109,40.45361695381685,-0.2722991512440984
40.25460432397418,41.88786797471004,40.19230103204904,2.66865465996015,12.41655547776859,40.87222785022451,40.18131780257275,0.07328652140142822
40.353121251409696,41.96863683097696,40.2949254682869,2.8047187045014152,11.886184913108735,40.957730078749684,40.25460432397418,0.09851692743551865
40.44324043781639,42.041127499052656,40.38882229938002,2.774356499217713,12.35322579755126,40.695898938375564,40.353121251409696,0.09011918640669592
40.18962760517699,41.76618192907127,40.13188728087844,2.8164711744609745,12.360046972316203,40.83661553594663,40.44324043781639,-0.25361283263940493
40.32998131501519,41.902586595801495,40.27727869702319,3.0130758773192747,12.400445179533602,40.9412518934718,40.18962760517699,0.14035370983820172
40.43672234508404,41.99897768179967,40.38805565353168,2.8594427537671523,12.49667821645403,41.03624258916498,40.32998131501519,0.1067410300688536
40.5341611411656,42.085397120284334,40.48916950604502,2.824640681244604,11.766601076033112,40.72068350969647,40.43672234508404,0.09743879608155481
40.2295783051346,41.7527390499428,40.17973317401202,2.5753783360497238,12.000795558197929,40.830759749164855,40.5341611411656,-0.30458283603099545
40.340187196444354,41.85765780537489,40.29443424567532,2.873686212581387,11.935841048757204,40.94400991623696,40.2295783051346,0.11060889130975227
40.45346628083374,41.966836446950175,40.411727020926975,2.898667080698313,12.0029854249108,40.96607134213087,40.340187196444354,0.11327908438938294
40.48219935986055,41.97374678933431,40.442267877197736,2.487675006605787,12.408721273666504,40.95337144324351,40.45346628083374,0.028733079026814323
40.47818815798866,41.94269330676099,40.439232864980895,2.3290091836792235,12.281696636762693,40.9816270575676,40.48219935986055,-0.00401120187189008
40.51134409211871,41.95925876067456,40.47427831990952,2.517147971571833,12.25801472413703,41.03351902460394,40.47818815798866,0.03315593413005047
40.56588744586046,42.003480881005096,40.53118874694625,2.629059711065054,12.52479428538255,40.64149814459807,40.51134409211871,0.054543353741749456
40.1876238070452,41.59081096890348,40.14605965784553,2.2215112069952725,12.460356967071448,40.63052717013415,40.56588744586046,-0.3782636388152625
40.18323840147845,41.56551226476014,40.14283084416389,2.30651663668492,12.4319604940311,40.60941591923029,40.1876238070452,-0.004385405566750933
40.168936795971405,41.5298781039855,40.12943285773394,2.258588426284459,12.297041629779695,40.63706948135788,40.18323840147845,-0.014301605507043291
40.19918664134695,41.550349513889614,40.16167228883706,2.482048775673438,12.322238134020136,40.63858088536232,40.168936795971405,0.030249845375543316
40.20497935621778,41.54196540425363,40.16879789561556,2.363765951234571,11.669530126968487,40.66741519837914,40.19918664134695,0.0057927148708287746
40.23566312863949,41.56518906678594,40.20139339971201,2.4902181929267733,12.282215515136054,40.63385267208784,40.20497935621778,0.030683772421710387
40.20842635489231,41.51853728194608,40.17459437942512,2.2044298503133706,12.121137629484762,40.60568551123339,40.23566312863949,-0.027236773747176812
40.185702688087815,41.47892215648231,40.15243168913004,2.226213208761368,12.353757452193602,40.55514357978385,40.20842635489231,-0.022723666804495224
40.14187562334749,41.41490009292716,40.10865502307692,2.1201129982676843,11.72941512994498,40.48623227552289,40.185702688087815,-0.04382706474032716
40.0805850449546,41.33109462233112,40.04701715928293,2.0304322234123098,12.36962305732466,40.45660850960022,40.14187562334749,-0.06129057839288521
40.0551028742232,41.29261455200557,40.02210810257189,2.2055966931008517,12.54391318391528,40.33152245363879,40.0805850449546,-0.0254821707314008
39.94104181991945,41.14706960088514,39.90645594011178,1.7614538481253057,12.321738079494926,40.25974436981221,40.0551028742232,-0.1140610543037539
39.87557543936338,41.06296673268915,39.8406909373841,1.9961695011150469,11.998501770864577,40.18272248097739,39.94104181991945,-0.06546638055606735
39.80484862869771,40.97374376675553,39.76957504747893,1.9651843612754205,12.142813802483424,40.07258637170401,39.87557543936338,-0.07072681066566844
39.70310022005874,40.847937439509536,39.66672145554379,1.8048533058691,11.771194949442124,39.91493185649124,39.80484862869771,-0.10174840863897572
39.556898899211085,40.669490327231465,39.51840634303117,1.574819695822527,11.700366216612922,39.88184594834342,39.70310022005874,-0.14620132084765203
39.52520197759211,40.63282014737585,39.48751572006228,2.1359461390242136,11.92587143838932,39.81756543240298,39.556898899211085,-0.031696921618973306
39.46457372652862,40.56116083757633,39.426961733104,1.9886171254633964,11.65844273862016,39.682231866067745,39.52520197759211,-0.060628251063491234
39.33803021425932,40.4097704903174,39.2988948936265,1.6540811002015914,12.341081073012653,39.529369835542866,39.46457372652862,-0.1265435122693006
39.19477241612082,40.23953920784393,39.153797882663845,1.5603400031276269,12.150417724414533,39.39193462135341,39.33803021425932,-0.14325779813849948
39.065236046940974,40.087704025935125,39.02286379118411,1.6173187165405538,11.894342069924011,39.233623987604574,39.19477241612082,-0.12953636917984568
38.915962374123005,39.91311633393432,38.8717932547564,1.5079084427048244,12.573643045162864,39.13451468360754,39.065236046940974,-0.14927367281796933
38.82093876361244,39.80620706359644,38.77639822361374,1.7667627888783508,12.542323658106431,39.0543176804884,38.915962374123005,-0.09502361051056596
38.743206164008726,39.72100369913573,38.69874317832076,1.84490404834428,12.169348661333531,38.96559486068747,38.82093876361244,-0.07773259960371348
38.65749092474668,39.62637967922763,38.61291397808807,1.797964666577922,11.885527988686484,38.77363909608395,38.743206164008726,-0.0857152392620435
38.47619109228025,39.41554565300801,38.42918054296359,1.3123610546944473,12.572541247471158,38.5932342130594,38.65749092474668,-0.18129983246642922
38.30500535170152,39.21875781978362,38.25593946769305,1.3477549502616075,12.12316233773092,38.394872883524066,38.47619109228025,-0.1711857405787356
38.11674256341949,39.00256071448728,38.06531537266543,1.2478113469517864,12.240048242682176,38.23023775850232,38.30500535170152,-0.18826278828202447
37.95915017084173,38.825327697291314,37.90623540737391,1.385130478346377,11.72233945620168,38.02492136203556,38.11674256341949,-0.1575923925777616
37.763611531649566,38.60278995066911,37.70836260378801,1.1816040684783724,12.378587454615086,37.893040955329866,37.95915017084173,-0.19553863919216496
37.63549575455343,38.463947182983546,37.57967992845262,1.5018644257823026,12.208197686546471,37.72367498016959,37.763611531649566,-0.1281157770961343
37.47259259219272,38.28304107141155,37.41539127690451,1.316188620808798,12.303135386482944,37.58049734801697,37.63549575455343,-0.16290316236071334
37.3336260670065,38.13217058249299,37.27569539455144,1.421381785366277,12.587402817125724,37.45594259864231,37.47259259219272,-0.13896652518621977
37.21173555117287,38.00256230469402,37.15352994006003,1.4940555759838257,11.974681471266855,37.26025051965178,37.3336260670065,-0.12189051583362698
37.02401427397015,37.79279572919336,36.96394155579181,1.1534844937515896,12.297695896202676,37.122921693878205,37.21173555117287,-0.18772127720271925
36.88990236244528,37.649496157626594,36.82936656156275,1.404963724250392,11.583355017870575,37.014582012327025,37.02401427397015,-0.1341119115248759
36.78251907073696,37.53903155637934,36.72219540986478,1.526114398184788,12.370502098230457,36.82907152933752,36.88990236244528,-0.10738329170831662
36.60383318713433,37.34141133265568,36.54197006822256,1.1591712404962968,11.822614797660773,36.69334295842318,36.78251907073696,-0.1786858836026326
36.47089453167602,37.200447679143046,36.40868666445047,1.3719322268697531,12.357694488408086,36.49265966779982,36.60383318713433,-0.13293865545831096
36.27784734819619,36.986287071692615,36.21384458351066,1.0588982210217488,12.313282472248796,36.3668020674321,36.47089453167602,-0.19304718347982686
36.15366359867009,36.85710529459615,36.08963730903005,1.386022014839496,11.67072388952809,36.16007331788756,36.27784734819619,-0.12418374952609668
35.95472474190576,36.63664491548776,35.888850296269155,1.000327906452734,12.023467936473809,36.017897223580746,36.15366359867009,-0.19893885676433598
35.815146459779825,36.489579526768125,35.748965684194296,1.2793890462027304,12.37353253823512,35.86492009025782,35.95472474190576,-0.1395782821259317
35.665556731156165,36.33036465054765,35.59883888906965,1.2161226961608358,11.853708813872869,35.69207852148009,35.815146459779825,-0.14958972862365982
35.4975296367881,36.14885560027263,35.42985032737954,1.109939409336149,12.282649504071456,35.542557221323754,35.665556731156165,-0.16802709436806396
35.3509155548931,35.993911571787,35.28284453729116,1.2015499578553308,11.75204459706072,35.637248017786234,35.4975296367881,-0.14661408189500236
35.44265466249572,36.08986385951064,35.37922553135233,1.3794874918130169,11.837406933087326,35.48661271479608,35.3509155548931,0.0917391076026206
35.29499646160692,35.93385731790417,35.230984364877145,1.1912535421040995,11.643628452247434,35.486267764170854,35.44265466249572,-0.14765820088879877
35.29884448393235,35.922787337124056,35.23717147145616,0.9348536721581016,12.473742499536714,35.57996239465479,35.29499646160692,0.0038480223254282464
35.38926343306757,36.01864917308713,35.33197457780968,1.3695849087501557,12.399401572937125,35.42647519935441,35.29884448393235,0.09041894913521986
35.23860171685926,35.860384753778455,35.18043912742551,1.1726791882632353,12.54821085204716,35.49562700441817,35.38926343306757,-0.1506617162083117
35.306366574471404,35.92861926004282,35.25189517874029,1.2505061560547357,12.484991419453925,35.53422544624635,35.23860171685926,0.06776485761214701
35.34582913167895,35.96263039263128,35.29421681442884,1.115724174927703,11.842120417666685,35.54308805862629,35.306366574471404,0.03946255720754266
35.35761953511343,35.96355444908307,35.30809019168237,0.9818548042450792,11.76254111013214,35.59115541690548,35.34582913167895,0.011790403434481789
35.40537219059117,36.009354047264296,35.35874001286098,1.1639317395030888,11.56717971506088,35.34398929940388,35.35761953511343,0.0477526554777441
35.16746160735662,35.74705750496536,35.11744878588966,0.7405861172190515,12.540660335312245,35.39668989255332,35.40537219059117,-0.2379105832345516
35.219039113612524,35.79896559719852,35.1720649668489,1.166674102254308,11.653895875788168,35.39615245349811,35.16746160735662,0.05157750625590296
35.22135122404525,35.7910092208244,35.17609691562469,0.925471815166298,11.961019329296628,35.377942437569835,35.219039113612524,0.0023121104327259445
35.20705833535707,35.763700943623135,35.1630680337293,0.8437048792856878,12.567875568050734,35.43446375108181,35.22135122404525,-0.014292888688181904
35.2615491722736,35.82137021287583,35.220471868096,1.1874957572917595,11.7445755116989,35.40709917475819,35.20705833535707,0.05449083691652845
35.23850623737136,35.784457515490054,35.19833377141315,0.8049581386559497,12.259875771446648,35.36396106456706,35.2615491722736,-0.023042934902235856
35.200546148958885,35.73043687589519,35.16090016884711,0.7294550538629061,11.567775058934352,35.38406694575994,35.23850623737136,-0.03796008841247556
35.22069267576341,35.748514082527656,35.18299407898875,1.017798176224863,12.533644465959124,35.35007273113464,35.200546148958885,0.020146526804524
35.1907462374826,35.70577122842444,35.15370072749686,0.7695549354958827,11.963492049774432,35.37734600759723,35.22069267576341,-0.029946438280809673
35.21715569191702,35.73275073834553,35.18213159252913,1.0496193968261676,11.974632673337188,35.42398479286282,35.1907462374826,0.026409454434421775
35.2614659100787,35.781667361382695,35.22882110712707,1.1417071553572409,12.522620614484772,35.38696720026342,35.21715569191702,0.04431021816167657
35.22850186849891,35.736147276327095,35.196252455964235,0.759306237978524,11.93601077384898,35.378207776947484,35.2614659100787,-0.03296404157978827
35.22137956930207,35.723084876272694,35.1901588852677,0.8864741500828976,12.599018297288625,35.34085476212834,35.22850186849891,-0.007122299196836934
35.18767592985995,35.678084294964286,35.15680406156078,0.7534492290225141,11.952287102163156,35.364747375459615,35.22137956930207,-0.03370363944212329
35.21035045282366,35.702686176664706,35.18120549689046,1.0330993712941134,11.918823939303527,35.39706532892963,35.18767592985995,0.022674522963711752
35.24084845376218,35.73679603969968,35.21355149332702,1.0742914775908776,11.571106969693918,35.35646630449822,35.21035045282366,0.03049800093852184
35.20399049350852,35.688587185577816,35.17682123440833,0.7402002855141696,12.58072200433415,35.34348582848931,35.24084845376218,-0.036857960253662725
35.1924179432243,35.67203512888928,35.166004413354344,0.8640766287228114,11.869109750975634,35.382613563085215,35.20399049350852,-0.011572550284220995
35.22891591938682,35.71451621738719,35.204408552481624,1.1037699565685384,11.991723800795832,35.41121066002265,35.1924179432243,0.03649797616252215
35.25580015160311,35.74495007199848,35.23288175646635,1.0587527232201,12.14030585180229,35.48792538111332,35.22891591938682,0.02688423221628966
35.32724684846178,35.82959128155653,35.306938013321655,1.28389850741415,11.855292886071066,35.45877303387913,35.25580015160311,0.071446696858672
35.30107578725309,35.79436846519301,35.28087484919129,0.8016349354932282,11.62103599609427,35.532129061691045,35.32724684846178,-0.026171061208692947
35.36948568507198,35.87519223997288,35.35170926002825,1.272827800025763,12.222504901274547,35.52108671443495,35.30107578725309,0.06840989781888851
35.3601113712789,35.86039864077305,35.34275013125292,0.8895063440516855,11.549285807316766,35.589575962542376,35.36948568507198,-0.009374313793081512
35.42414873500507,35.93559331456607,35.408985838056,1.2561692288093496,12.54574783543702,35.68448925683102,35.3601113712789,0.06403736372617175
35.512847025851976,36.040237221717206,35.50038352292388,1.384761869778922,12.592719404640183,35.474324457850976,35.42414873500507,0.0886982908469065
35.307199046108025,35.824848028021755,35.29092629942315,0.9203057842789242,12.522519720454955,35.52764695141982,35.512847025851976,-0.20564797974395077
35.35774377780996,35.8819334274681,35.343263648981406,1.1816786649291036,12.287058567880974,35.52335957589065,35.307199046108025,0.05054473170193319
35.35513837695208,35.87386428038487,35.341076070335,0.9203284085257784,11.674178919099878,35.53388972304873,35.35774377780996,-0.0026054008578810794
35.36609580855506,35.88279867842762,35.35277468216352,0.988428405366836,12.361834373194448,35.63242729914473,35.35513837695208,0.010957431602982126
35.45836835978256,35.99116611056227,35.447747427089375,1.3963020500057608,11.593517475997231,35.64848566409399,35.36609580855506,0.09227255122750222
35.47470016009876,36.0059569506678,35.46479988151541,1.0242160624812915,12.556990864560024,35.53010223233216,35.45836835978256,0.01633180031620185
35.35408524344762,35.89388197701434,35.342339476534534,1.3412697536972753,11.61201888888144,35.60046483684313,35.47470016009876,-0.12061491665114232
35.42093973513796,35.96928295689248,35.41117181849896,1.2657013094397849,11.726820350588165,35.67535726419678,35.35408524344762,0.06685449169033575
35.492136395233935,36.04957045218996,35.48436494516645,1.2932429518182356,11.962256427693838,35.54704664846809,35.42093973513796,0.07119666009597836
35.36302434551752,35.925042407331205,35.35307319255555,1.2979099852456872,12.38990003365466,35.60731296270273,35.492136395233935,-0.12911204971641155
35.42112953239717,35.98797429245486,35.412835063256146,1.2206265627686244,12.520507421256688,35.624966495477,35.36302434551752,0.05810518687964361
35.43989635439113,36.00277348418942,35.43222964785044,1.0292625872037655,11.611513783998785,35.56518335007239,35.42112953239717,0.018766821993963845
35.37435968557507,35.95514332061752,35.36604704402457,1.6100185783789878,11.957593033038192,35.61288254872719,35.43989635439113,-0.06553666881605835
35.421335651092065,36.002999359115975,35.414312635973545,1.1642374326382132,12.107019519330107,35.45685753980086,35.37435968557507,0.046975965516992346
35.26733035555874,35.845798029393315,35.25744423445051,1.1639407166402045,11.85333523211249,35.56182037316029,35.421335651092065,-0.15400529553332376
35.36732022565739,35.95806598531163,35.360074908511855,1.4188356186656543,12.274909242386665,35.631672364434905,35.26733035555874,0.09998987009864635
35.43505860433273,36.03040853804431,35.42954995092767,1.2663493399770205,12.347045623745238,35.48586393925189,35.36732022565739,0.06773837867534382
35.29085360435091,35.88409910498394,35.282639108420845,1.212945867152991,11.603777407082562,35.57059137030953,35.43505860433273,-0.1442049999818238
35.37250317926188,35.97287808882095,35.366392842845755,1.3280086849266215,12.253011862358948,35.74672917630645,35.29085360435091,0.08164957491096914
35.53877551457092,36.16466665148375,35.5367453628647,1.758574503515515,12.433529575416877,35.607311908317065,35.37250317926188,0.16627233530904562
35.401177361929335,36.0243365487845,35.39642181423738,1.253297674557889,12.018806386844648,35.486204919295126,35.53877551457092,-0.13759815264158703
35.28059460385157,35.904389810727665,35.27363034330615,1.3248880271185677,12.432659912344246,35.682770164354544,35.401177361929335,-0.12058275807776653
35.46648450121718,36.11775978134062,35.46406621050584,1.8451294265256133,11.75782538682622,35.60076737547784,35.28059460385157,0.18588989736561246
35.382734730568664,36.040695509809694,35.37887188605516,1.512772068866775,11.605586913470075,35.60335927499486,35.46648450121718,-0.08374977064851663
35.37748029482191,36.05847007477441,35.37412745538824,1.896205216398985,11.782132404359634,35.61506066376317,35.382734730568664,-0.005254435746756769
35.38126698431626,36.08532955883213,35.378585448141095,1.9385824989587064,11.944911787249842,35.58924763387399,35.37748029482191,0.003786689494354789
35.35097382204033,36.06870208180992,35.348066997771724,1.7662546296003767,11.743023255560583,35.5344964906497,35.38126698431626,-0.030293162275931707
35.29432007425171,36.018641094489944,35.290528303207445,1.63005581728396,12.50570592818333,35.457651371104426,35.35097382204033,-0.056653747788622866
35.21747668926921,35.94315064398741,35.212326780056664,1.5227829804888555,11.710346618438605,35.702269404736924,35.29432007425171,-0.07684338498249588
35.45058037630686,36.20534743854984,35.45088039935406,2.064698708643333,11.547752729809666,35.73692814004469,35.21747668926921,0.23310368703764794
35.47747353384992,36.25456497949013,35.47874590679404,2.05404711912168,12.127188930373093,35.74360152650873,35.45058037630686,0.0268931575430571
35.479051083149066,36.27114924979559,35.480604246581535,1.9279259553167216,11.617510953567912,35.79934841892853,35.47747353384992,0.0015775492991494389
35.52640145972461,36.3423277308207,35.529316066240284,2.1554471745279864,12.599624996746828,35.78555330201136,35.479051083149066,0.04735037657554386
35.510026358161305,36.33397619811061,35.51265734976215,1.8391720110463323,12.56761150788778,35.859450702865196,35.52640145972461,-0.01637510156330535
35.57496868486037,36.4240867753924,35.57929664834282,2.243319285316545,12.522190496823049,35.842849261281884,35.510026358161305,0.06494232669906808
35.556822669910574,36.41100915155804,35.56071596237704,1.8318549846838468,11.815886551898853,35.85990503571109,35.57496868486037,-0.018146014949799394
35.56995252229446,36.43558106353696,35.57418152130184,1.985912880745712,11.783120482477424,35.914437080558095,35.556822669910574,0.013129852383883645
35.618023250331774,36.50187894434744,35.623409046995064,2.160786038291766,12.265856445755077,35.9601822908057,35.56995252229446,0.04807072803731671
35.658396944499984,36.55747078186993,35.66467914604719,2.125285226472661,12.09690281932924,36.035670186386774,35.618023250331774,0.040373694168209795
35.726629346406604,36.64595134166588,35.73442987108784,2.2670943202461102,11.55589836569224,36.08582126224395,35.658396944499984,0.06823240190662005
35.77189163794764,36.70501081762342,35.78056133116078,2.1570421928199277,12.529809901026448,36.09270037115268,35.726629346406604,0.04526229154103589
35.777454326316814,36.7146762467571,35.785970540384106,1.961690687673067,11.986584729295922,36.12653762672401,35.77189163794764,0.005562688369174396
35.808044834577714,36.75455016710503,35.817017878489274,2.086975781892162,12.30064247954727,36.18002909645437,35.777454326316814,0.03059050826090015
35.85701846138625,36.81620318409569,35.86686564388116,2.181022084247719,11.930750672579252,36.28055913364273,35.808044834577714,0.048973626808532345
35.9497657884918,36.93040842395232,35.96150318848406,2.403520009395475,11.981949411901857,36.424328912567724,35.85701846138625,0.09274732710555611
36.08295707390793,37.09256162193512,36.09746804186015,2.612868742383745,12.39230095121578,36.5505721408207,35.9497657884918,0.13319128541612457
36.20055618392648,37.23384780177815,36.217312436757474,2.5453308026808417,11.50133501741287,36.63655698493918,36.08295707390793,0.11759911001855272
36.28142078493068,37.32884346889606,36.2994067009908,2.3710494616285014,12.219544066823746,36.808956691511625,36.20055618392648,0.08086460100420112
36.442469552786605,37.52082486168812,36.46357566006016,2.778643649376154,11.881522122996484,36.91907152755146,36.28142078493068,0.1610487678559238
36.5465585661368,37.64142361238424,36.56923240413333,2.506856491139464,12.45607543724818,37.087555446480856,36.442469552786605,0.10408901335019749
36.7049343034767,37.82731305907862,36.73041897688726,2.7870480386884524,11.730337954851487,37.152911300953186,36.5465585661368,0.1583757373398953
36.76849500586778,37.8959067312073,36.79433216578449,2.3260590667428795,12.39084743937592,37.31791470446808,36.7049343034767,0.06356070239107936
36.92425193962508,38.07681832868449,36.952673845094665,2.792892996839337,11.884539516332282,37.508877412409795,36.76849500586778,0.15575693375730282
37.10449671014453,38.28616681790512,37.13596870917974,2.928392407653821,12.50479195567495,37.658967091986206,36.92425193962508,0.18024477051945098
37.24750775630587,38.44842743199135,37.2809660876614,2.757337891045086,12.440392224902538,37.79050759699329,37.10449671014453,0.14301104616134097
37.37370744329972,38.589172995018586,37.408642352661566,2.6856572430312493,11.84888736053409,37.92062010326006,37.24750775630587,0.12619968699384998
37.49882105602516,38.72790602415967,37.53513322959535,2.691392252785282,11.907113684481686,38.07603353185213,37.37370744329972,0.12511361272543553
37.647540330633525,38.89482192955408,37.6857383353688,2.8205699818308894,12.400250093146868,38.175260297537065,37.49882105602516,0.14871927460836787
37.74461039005719,38.99782986915886,37.78334063339514,2.5753761702896067,11.7140477325073,38.28768537129958,37.647540330633525,0.09707005942366465
37.85392248740492,39.11567323810554,37.89346038838829,2.645699577834211,11.610195992196315,38.43480039963341,37.74461039005719,0.10931209734773262
37.99540406440904,39.272500146961,38.036496987530185,2.816625058691017,12.101257624836212,38.675213316787485,37.85392248740492,0.14148157700411446
38.22339214125704,39.53417300450126,38.26807480460416,3.2617711824257527,11.8738057729275,38.89800777395174,37.99540406440904,0.22798807684799982
38.43571349994303,39.77488669141762,38.48342313049458,3.202867921231206,12.188831774657688,39.06102500995638,38.22339214125704,0.21232135868599045
38.59326172603676,39.94730202577891,38.64251127805348,2.9473951613155096,11.895141510301809,39.3177086238425,38.43571349994303,0.15754822609373065
38.83762425775836,40.2250429672454,38.89045864652373,3.39573480123745,11.966085265368024,39.577386227090365,38.59326172603676,0.24436253172159894
39.085351076837576,40.50513369973147,39.14167390470206,3.4336546502232217,11.851943167434156,39.83210561666619,38.83762425775836,0.24772681907921879
39.32905741356845,40.778661551084696,39.38859788534542,3.4350885290487496,11.607310292481882,40.03468271787997,39.085351076837576,0.24370633673087383
39.52504983902252,40.99251260167711,39.58648571294026,3.217907454875573,12.039015260342476,40.27230790540097,39.32905741356845,0.19599242545407236
39.7536867863326,41.24551172216688,39.81772520770343,3.398943444187206,11.768812407948936,40.49802437724734,39.52504983902252,0.2286369473100791
39.97168366927307,41.48445014031691,40.037939322152056,3.3661705997521603,12.31841825588246,40.773348531807414,39.7536867863326,0.2179968829404686
40.235843586775545,41.77886470383692,40.305337304809775,3.616691307335313,11.956370047276526,41.00024510952607,39.97168366927307,0.26415991750247514
40.455710316372766,42.01782158882016,40.52720342338529,3.418615894957517,11.658061712667472,40.90531935963835,40.235843586775545,0.21986672959722142
40.35623010769528,41.93649109075379,40.42323688046598,3.591958861005115,12.049295147904862,41.14403436979252,40.455710316372766,-0.09948020867748397
40.58784202527569,42.18708076351117,40.65718032059071,3.4856565003657063,12.245005803750296,41.040998224252995,40.35623010769528,0.231611917580409
40.4816636790787,42.094945261146464,40.54638573253382,3.5679685977190783,11.688875370608576,40.94063520365972,40.58784202527569,-0.10617834619699096
40.378433580634855,42.0047099839367,40.43876204640758,3.570687717481884,11.877394682707433,40.7944733558902,40.4816636790787,-0.10323009844384501
40.23330112096481,41.861761468899886,40.288357477805896,3.349553419383095,12.201154319462931,41.12603608159737,40.378433580634855,-0.1451324596700445
40.55212182610386,42.21396639156367,40.612020027124586,3.904587602998251,11.68781365391438,41.087281928773606,40.23330112096481,0.31882070513904637
40.50702434477813,42.19075897217248,40.5640624693702,3.8635403194357223,12.067035252369994,40.9513433777363,40.55212182610386,-0.04509748132572611
40.37268086606976,42.056595079318086,40.42475418782106,3.410611578196513,11.786422682831736,40.83075296013232,40.50702434477813,-0.1343434787083737
40.2526730421738,41.93926893015146,40.300316908071714,3.4688375458023386,12.462034621852416,41.1891008739205,40.37268086606976,-0.12000782389596054
40.59772734830313,42.31852469852577,40.65105057493262,4.031879246066276,11.835329162749808,41.119811638009814,40.2526730421738,0.3450543061293345
40.52585477306452,42.25775055324176,40.57582958772314,3.7283301236149664,11.525242155308923,41.05734945297913,40.59772734830313,-0.0718725752386078
40.46065821722885,42.20383442497279,40.50755571673576,3.753413120110426,11.554436658589928,41.01323896378073,40.52585477306452,-0.0651965558356764
40.41279222516509,42.16979169606356,40.457132970113534,3.832418240629656,11.583503119275669,41.0219954070675,40.46065821722885,-0.047865992063755414
40.41422051108829,42.19448423313402,40.45728147698021,4.072720705042665,11.593698773279495,40.972420937578924,40.41279222516509,0.0014282859231968814
40.36231678851566,42.15213764030577,40.402808383915335,3.803877066041126,11.717252201584571,40.92017773370518,40.41422051108829,-0.0519037225726251
40.30824750659384,42.10608726387284,40.34619843064887,3.786903184063462,11.92673413392476,40.90976835922404,40.36231678851566,-0.05406928192182647
40.29312513427379,42.10661143853841,40.32956850485992,3.975428913331196,12.24616139961454,40.95632591054122,40.30824750659384,-0.015122372320050204
40.3311014935441,42.17051111523877,40.3673651228408,4.237845679352458,12.214596093079852,40.94536247494346,40.29312513427379,0.037976359270309956
40.31652566523503,42.16826787503947,40.35129388455587,3.976290045639591,11.529909509439587,40.99707570377416,40.3311014935441,-0.014575828309070005
40.36024006278548,42.2360145614748,40.3949724870622,4.2650503332953065,11.983757512180222,41.03082791167367,40.31652566523503,0.04371439755045259
40.38792590879888,42.28236184445793,40.4221959817642,4.186875786476636,12.322997798763923,41.10421524983528,40.36024006278548,0.027685846013397963
40.45271639122223,42.37251071951356,40.487418638770045,4.373301409430729,11.645265337060628,41.085237329626466,40.38792590879888,0.06479048242335494
40.432690284267885,42.35732105596863,40.46570064864289,3.953161671521352,12.150163489220397,41.16975052053052,40.45271639122223,-0.020026106954347256
40.508502010323056,42.45853334535765,40.54221620591084,4.429864581532566,12.41968859388388,41.2181138788049,40.432690284267885,0.07581172605517139
40.55146677103084,42.51785601323128,40.58501885215259,4.270670871067772,12.39270974577824,41.333259372896464,40.508502010323056,0.042964760707782546
40.65655996204014,42.65176991862435,40.69144823802488,4.583973707929565,11.914281397540146,41.40409033178761,40.55146677103084,0.1050931910093027
40.721313849143385,42.73449602990509,40.75646111631435,4.389904436061799,12.161691270547118,41.41468230878829,40.65655996204014,0.06475388710324381
40.73076129895899,42.74850281623613,40.76478281116974,4.11805041591619,11.53436173758764,41.49814147573286,40.721313849143385,0.009447449815603193
40.80768859200966,42.844467301746725,40.842268533442194,4.455938443421557,12.226582175800958,41.513935318161735,40.73076129895899,0.07692729305067303
40.82245715462019,42.86331788971034,40.856030910154686,4.150933801279881,12.593373510798257,41.53230173721135,40.80768859200966,0.01476856261052717
40.8396876518921,42.88486809836366,40.87234946137828,4.164312128312543,12.123862233678569,41.60727703148504,40.82245715462019,0.017230497271910394
40.9093495891751,42.97007249114261,40.94240901413741,4.427760406957073,11.972593081600516,41.69136004739679,40.8396876518921,0.06966193728300141
40.9877584180437,43.06492912545297,41.02139259869372,4.476906813063737,11.778463915653807,41.78901850292121,40.9093495891751,0.07840882886859646
41.07905928365188,43.17445755935775,41.113538665754,4.547563099104348,12.033946710324624,41.87746191387826,40.9877584180437,0.09130086560818285
41.16221092683568,43.272894933659344,41.19727988113975,4.514124316713604,12.428069807002023,41.94661372452896,41.07905928365188,0.08315164318379686
41.22782687079439,43.3489991515092,41.26301515128329,4.433232411794721,12.04025591064362,42.110517171607604,41.16221092683568,0.0656159439587114
41.38125201532414,43.53161442934841,41.41868507015027,4.877791181656716,11.779117872564807,42.28266613672284,41.22782687079439,0.15342514452974854
41.5428930357382,43.722459700633344,41.58264567379698,4.931294062200293,11.646547570050895,42.39706454226532,41.38125201532414,0.16164102041406636
41.651715818562685,43.84710652073216,41.692371287501096,4.680446551206766,11.687308003550834,42.5614322767743,41.5428930357382,0.10882278282448254
41.80703024512547,44.02759727480954,41.84966931038789,4.922204644453217,11.738138791835196,42.72333035093757,41.651715818562685,0.15531442656278216
41.96054258881681,44.20443560590526,42.005012858090645,4.926208040000832,11.940752264369657,42.79733350567283,41.80703024512547,0.15351234369133948
42.03321513888009,44.28134067928778,42.07744469885063,4.535027707489255,12.480494355319747,42.86143434495605,41.96054258881681,0.072672550063281
42.0967502442187,44.34702841416157,42.14052437648789,4.4961844865402805,11.979571405797907,42.9746447360128,42.03321513888009,0.06353510533860884
42.20566968657075,44.468149251178126,42.25011527028951,4.729244419187854,11.863743289896387,43.10149940153758,42.0967502442187,0.10891944235205386
42.32739488900868,44.60431730514603,42.37278601045804,4.8029450243859655,11.699206180401363,43.28505278804939,42.20566968657075,0.12172520243792917
42.501781760844246,44.80402520781491,42.549351395489005,5.076981606464968,11.818385659529106,43.384357368476344,42.32739488900868,0.17438687183556567
42.59872882503858,44.90787069632274,42.64647258406771,4.704689152359043,12.5271333072749,43.470353181125795,42.501781760844246,0.09694706419433174
42.68343098184748,44.99658920092246,42.73103936060743,4.652469479419918,12.04204681253819,43.54965956013303,42.59872882503858,0.08470215680890192
42.76194634957336,45.07775855064832,42.80927378017743,4.62960411490663,12.56750817029748,43.68263469605648,42.68343098184748,0.07851536772587764
42.8900572710664,45.21951998398991,42.93832683311314,4.885168022315026,11.827530303154024,43.81143980954082,42.76194634957336,0.1281109214930396
43.01451737322596,45.35621206106419,43.06358999433231,4.878359966612071,11.625981334884674,43.96520829070934,42.8900572710664,0.12446010215955994
43.16223172313672,45.52076073609194,43.212632412899374,5.00585401809259,11.910894838380024,44.09305013966696,43.01451737322596,0.14771434991076404
43.28623932416981,45.65559051295188,43.33732058187916,4.900408276183613,12.05181269452478,44.2845598471601,43.16223172313672,0.12400760103309239
43.46925266054719,45.86200786592545,43.52241901500764,5.206755495425658,12.533843916313089,44.434874575510406,43.28623932416981,0.18301333637737827
43.61457474189972,46.021249705655165,43.66879927897634,5.034260152279564,12.458079076123408,44.50422129487256,43.46925266054719,0.145322081352532
43.68521936184817,46.08881823474594,43.73862628802354,4.674013077556667,12.582960362482076,44.57505117306335,43.61457474189972,0.07064461994844606
43.75706040079496,46.15837101290852,43.80972210548657,4.687367243629011,12.42295439890825,44.73556930336878,43.68521936184817,0.07184103894679339
43.91167821830786,46.329376134553726,43.96565355724472,5.108664066432639,12.181731156280726,44.855334633901954,43.75706040079496,0.15461781751290005
44.02885939774812,46.45397676815816,44.08316773579959,4.935303927407501,11.708266507594058,44.941729986408234,43.91167821830786,0.11718117944025863
44.11523494049827,46.54084667555091,44.16910834317553,4.792251916484534,11.650495442703845,45.033325317501074,44.02885939774812,0.08637554275014736
44.20632055474839,46.63375814700717,44.25989725074768,4.82439039179516,12.584547524813786,45.13586620916712,44.11523494049827,0.09108561425011885
44.307459083684726,46.73913921069875,44.361000333117886,4.883580940930667,11.771144042809835,45.28561098235329,44.20632055474839,0.1011385289363389
44.45223027350982,46.89779959293959,44.50680308061047,5.111433844792526,11.873711912721106,45.36353136008024,44.307459083684726,0.14477118982509296
44.53077855361487,46.9751010490717,44.58471447755414,4.793407495933266,12.5227689089369,45.512465342146804,44.45223027350982,0.07854828010505344
44.67485544463352,47.13275359918932,44.72978698261756,5.129030060909016,11.85702854600044,45.56703317170271,44.53077855361487,0.14407689101864918
44.73185811091402,47.18363145960706,44.78560994458706,4.7067090604103,12.26979025665889,45.71407317256452,44.67485544463352,0.05700266628049633
44.87412648039648,47.339252378202566,44.92884065909451,5.139350323634405,12.373865715227405,45.85163682840034,44.73185811091402,0.14226836948245847
45.00781188179395,47.48386878198732,45.06322982141975,5.1093270652463945,12.370387733097571,45.96744267872284,44.87412648039648,0.13368540139747154
45.12150329632822,47.60372313442258,45.1771016054177,5.021632570831415,12.071165827937742,46.052048462384874,45.00781188179395,0.1136914145342729
45.20636581023624,47.68834691435754,45.26143266256084,4.8882409153634825,12.36812029205598,46.098727997424795,45.12150329632822,0.08486251390802124
45.25604281797902,47.73039325134498,45.30974792295038,4.7208235093254025,11.64601046298242,46.236936365114325,45.20636581023624,0.04967700774277972
45.39008159666213,47.87617339830697,45.44455410037387,5.148363131876829,11.964370274069724,46.339120093513635,45.25604281797902,0.13403877868310587
45.490955613096986,47.981057763480216,45.545346903963726,4.994769061676026,12.37623868275813,46.47226732514557,45.39008159666213,0.10087401643485805
45.62043922101838,48.120910832781846,45.67545192163648,5.1475033858783465,11.693815291736112,46.139346255589516,45.490955613096986,0.12948360792139368
45.29392709425784,47.78410843364229,45.34000323886842,4.879436127122772,11.851065208708944,46.241178121362445,45.62043922101838,-0.32651212676054087
45.394653948026495,47.887917194001,45.44096322205983,4.984008844330619,11.54991777159132,46.349036868658935,45.29392709425784,0.10072685376865564
45.500909807497486,47.99862003116652,45.5475807673128,5.02141836756015,11.574317246386231,46.475747069784454,45.394653948026495,0.10625585947099125
45.62458304573516,48.13063078145458,45.67202738216362,5.11868614957122,12.04529182068974,46.111978168404455,45.500909807497486,0.12367323823767151
45.26964317273056,47.75854334550004,45.30774798698278,4.737154165978546,11.802471537652645,46.19398413782039,45.62458304573516,-0.3549398730045965
45.35198615918884,47.83977484344248,45.39019141082983,4.889789232287538,11.552115859696084,46.3257721384934,45.26964317273056,0.0823429864582792
45.48022880987575,47.97742867747277,45.5196589281317,5.127633000928048,11.504171042402897,46.46311528517989,45.35198615918884,0.1282426506869072
45.61370280244408,48.12121167713261,45.654431375962986,5.165672857069522,12.219891464087835,46.164668717789205,45.48022880987575,0.1334739925683337
45.31917624308588,47.82252791192193,45.35230199835982,5.037986595984585,11.64080476061705,46.240732438914584,45.61370280244408,-0.2945265593582036
45.39631388335636,47.89629351294752,45.42958992043986,4.86727065877739,12.088115708041872,46.273935928782855,45.31917624308588,0.07713764027048597
45.43363479753184,47.92207751563104,45.46609547318567,4.676237996253926,11.523642242115628,46.36085707946256,45.39631388335636,0.03732091417547423
45.52027029974944,48.00912739271938,45.55317354591888,4.927696719031239,11.710735621631027,46.07164409603598,45.43363479753184,0.08663550221760374
45.23385941522467,47.72138126391208,45.25969160897119,5.07108689805414,12.33508209174976,46.135255940762846,45.52027029974944,-0.2864108845247699
45.29912836195117,47.78150962516449,45.32512983517287,4.800978490286207,12.231069920600758,46.243815453867455,45.23385941522467,0.06526894672649775
45.40574226624914,47.89277510521033,45.43292899014289,5.014744231363638,11.561724556950468,46.359506914112266,45.29912836195117,0.1066139042979728
45.51894679889575,48.01214058010932,45.54743336333172,5.05789360596181,12.123240118600377,46.0677116957357,45.40574226624914,0.11320453264660557
45.23023770685042,47.72113272867638,45.2517646516803,5.059029841541588,12.320410103276526,46.08637164736765,45.51894679889575,-0.28870909204533035
45.254008603977965,47.7302495310626,45.27485680706237,4.5927887541401535,12.04828305968502,46.15209742441666,45.23023770685042,0.023770897127548096
45.320878879978416,47.79326002838564,45.34215336488591,4.8121281476916025,12.09559804409028,46.20280700641155,45.254008603977965,0.0668702760004507
45.37368067903343,47.8397072119846,45.3950331282166,4.748858768432162,11.78323075723064,46.25905702890159,45.320878879978416,0.052801799055011145
45.43137181195382,47.89286593707938,45.45293333767155,4.779221079210177,12.40475145437498,46.23745263089081,45.37368067903343,0.05769113292038952
45.41688230126454,47.85857994529009,45.43689564611778,4.424540215236469,12.35292448858261,46.31921068878586,45.43137181195382,-0.014489510689273288
45.497455044944495,47.94184388658361,45.51833313482948,4.900382184123674,11.517998170457252,46.328941820066404,45.41688230126454,0.08057274367995149
45.511401606333855,47.94393741075842,45.53148644310693,4.575039427277326,12.561171734320302,46.38167105953979,45.497455044944495,0.013946561389360568
45.56477188447162,47.99516344567563,45.58507784847212,4.774737970879759,11.832796605195828,46.35225996747169,45.511401606333855,0.05337027813776274
45.5420670393124,47.95397585025814,45.56073701284453,4.399913806530657,12.031752780110844,46.326438135692996,45.56477188447162,-0.022704845159218223
45.522211642180906,47.917693593266165,45.53940917163191,4.41373883717919,12.534134495590068,46.39265698991117,45.5420670393124,-0.019855397131493646
45.58704578849475,47.98600356503564,45.6049216162031,4.836843700678779,12.4786806831505,46.4095727092272,45.522211642180906,0.06483414631384221
45.6063051522132,47.99869323525087,45.62371974021753,4.615105619787674,12.352006914250746,46.35979741462365,45.58704578849475,0.01925936371845438
45.563696820333,47.9365239837508,45.57917143978715,4.308350047516528,12.41535982920202,46.294447027751715,45.6063051522132,-0.042608331880202854
45.50621195109991,47.85763924122975,45.51948989092548,4.231662619526066,12.516352413873546,46.25043936079566,45.563696820333,-0.05748486923309315
45.46795593834262,47.80373741989586,45.47962472414849,4.324198402310576,11.756738955035862,46.28283624139021,45.50621195109991,-0.038256012757287294
45.49997413803948,47.83669917854505,45.5118354075861,4.673308444163229,12.52992029610239,46.28894576616114,45.46795593834262,0.03201819969685715
45.50767101949159,47.84004159245725,45.51912468653459,4.55480931701396,12.169908161633808,46.31122292916251,45.49997413803948,0.007696881452112336
45.53019049730269,47.861855984676495,45.54162230550836,4.630127433708084,12.297225355082324,46.28196947435549,45.50767101949159,0.02251947781110175
45.50501407662366,47.825630248662,45.51526409778081,4.393970397597731,12.235157954864617,46.26321689619132,45.53019049730269,-0.025176420679031253
45.48928022818012,47.8017282518393,45.49864220855453,4.439770548240841,11.807707261874684,46.15895482590064,45.50501407662366,-0.015733848443538534
45.39427701257152,47.681723055329634,45.400864409800754,4.042667142409052,12.363144757255036,46.0866820297548,45.48928022818012,-0.09500321560859959
45.32829576836007,47.59878932579486,45.332960995109445,4.1807768759241135,12.129598458241652,46.021029414223115,45.39427701257152,-0.06598124421145002
45.26805967944236,47.52398632609916,45.27104223712784,4.204599776503978,12.561409114239376,46.00940289753354,45.32829576836007,-0.06023608891771204
45.257460807433766,47.51068975380098,45.26005813136587,4.448218943235581,11.936641156219562,45.96608442330896,45.26805967944236,-0.010598872008593219
45.21749708560716,47.46174457138605,45.21901161293367,4.300604576973596,12.531659242228612,45.87895927852228,45.257460807433766,-0.039963721826609344
45.13683316834906,47.3637180824147,45.136326584803086,4.094005373692333,12.51680269721754,45.774665356172505,45.21749708560716,-0.08066391725810007
45.03992450234716,47.24696837811335,45.037103188057,4.006451495418861,11.63422493096071,45.63488873187487,45.13683316834906,-0.09690866600189452
44.909789949472376,47.09091580976534,44.90396043638687,3.832615298284175,12.537472429933995,45.58884715059555,45.03992450234716,-0.13013455287478592
44.86579041748546,47.04154437801287,44.85920665628832,4.252868748983336,11.953107393629796,45.501775768480115,44.909789949472376,-0.04399953198691975
44.78376076219292,46.94603635231767,44.77553019092976,4.058855369233119,12.106614944736954,45.35904144296248,44.86579041748546,-0.08202965529253703
44.6499985050429,46.78818568064768,44.63894014319686,3.7933372314567233,12.594930953302574,45.30140637420967,44.78376076219292,-0.13376225715001766
44.59443998363821,46.7271753885664,44.58260375042438,4.173388525920351,11.922740979135211,45.228931692678,44.6499985050429,-0.05555852140469142
44.52508090941648,46.64954857927219,44.51216558934532,4.099375086762322,11.83168022185734,45.04400896354149,44.59443998363821,-0.0693590742217296
44.35160684091688,46.44529694867105,44.335123101036544,3.572690981458116,11.907331795476628,44.864712865793024,44.52508090941648,-0.17347406849960123
44.182719354162586,46.24846099834553,44.16295824487096,3.581354239544821,12.553933142371774,44.760455123322636,44.35160684091688,-0.16888748675429355
44.08267210473445,46.13721671116265,44.06147655407082,3.911461523857265,11.904291750397997,44.5941923903504,44.182719354162586,-0.10004724942813681
43.92511213924984,45.95631858373712,43.901146448064246,3.6150129224075767,11.941620124047876,44.51251301568095,44.08267210473445,-0.1575599654846087
43.845328961799446,45.871582900644,43.82062718459942,3.990474682224289,11.995290110281973,44.315952114950925,43.92511213924984,-0.07978317745039476
43.65928335653895,45.657289211666445,43.63128377664737,3.451679475992998,11.74705069716199,44.19648967962301,43.845328961799446,-0.18604560526049596
43.54399645228023,45.53088383846843,43.51458874812036,3.7896932288475575,11.997071163289707,44.09228271483258,43.65928335653895,-0.11528690425871702
43.44265867652832,45.421941043337206,43.41224842463222,3.849022027849631,12.059418772102234,43.95725855840757,43.54399645228023,-0.10133777575191516
43.31274570512397,45.27834992908015,43.28068004101858,3.696772773950231,12.496896129954292,43.723089226491034,43.44265867652832,-0.12991297140434455
43.09094829563858,45.02325600423404,43.05506337960048,3.225727100689828,12.266791929046876,43.56323075982463,43.31274570512397,-0.22179740948539006
42.9372404640126,44.85306469699013,42.899387118471154,3.54732490057442,11.66702291890293,43.444140221977726,43.09094829563858,-0.15370783162597945
42.820975619996766,44.72928424666591,42.782160799270486,3.720817403024309,11.922717720165384,43.2813121025895,42.9372404640126,-0.11626484401583781
42.66420986175257,44.55623970303324,42.623486742982685,3.5074379081117613,12.399477128979852,43.06446474547304,42.820975619996766,-0.15676575824419814
42.457249837121736,44.32266034338766,42.41348405590973,3.2424178788930185,11.981032952513448,42.894886457761565,42.66420986175257,-0.20696002463083119
42.29353701515009,44.14318990178017,42.24793245635442,3.440619823227372,11.729133690029457,42.71142903178179,42.457249837121736,-0.16371282197164305
42.11676920014976,43.94842438188753,42.06909351330806,3.3605493378503546,12.179346898984257,42.537088094444506,42.29353701515009,-0.176767815000332
41.948165619259846,43.76438254099963,41.89871612307406,3.3854934973916344,12.073094307992278,42.33869847494671,42.11676920014976,-0.1686035808899149
41.7571185478474,43.55354656500362,41.70543031198912,3.257959512689761,11.89881940190337,42.16421060699458,41.948165619259846,-0.1910470714124486
41.58787684385144,43.37016644216165,41.53458853497065,3.3498605330893145,12.110021767838646,42.0017778879805,41.7571185478474,-0.16924170399595795
41.42961196509543,43.20065670501906,41.375064993827024,3.389234330774088,12.045932846924345,41.805492554772094,41.58787684385144,-0.15826487875600748
41.23993904444353,42.99311549210517,41.18342312776758,3.217492119257683,11.757448191977304,41.60841825296533,41.42961196509543,-0.18967292065190122
41.04929134050665,42.78508790954285,40.99087550884649,3.1954377399937903,12.3275771425301,41.41728600304392,41.23993904444353,-0.19064770393688235
40.86390736852446,42.58414140065436,40.80380923995294,3.204429617236096,11.662050003915036,41.16981120344166,41.04929134050665,-0.1853839719821906
40.62623710212158,42.31993768384661,40.56325882435677,2.92601600162507,12.517721605140236,40.93736704242617,40.86390736852446,-0.2376702664028798
40.40204599164658,42.07339906305539,40.33665607257654,2.972298099664652,12.226016874500845,40.62959604630867,40.62623710212158,-0.2241911104749974
40.10787959809033,41.74242279050361,40.03848575033205,2.6022373242425165,11.873279852854177,40.697530104099826,40.40204599164658,-0.29416639355625307
40.1824972672813,41.79319836019108,40.1168946848271,2.670421986522568,12.363124366888528,40.78397457606537,40.10787959809033,0.07461766919097101
40.27353039700344,41.86637782406771,40.21201550712495,2.762345266047863,11.693742377363478,40.931637105578716,40.1824972672813,0.09103312972214184
40.420608765955954,42.00987807410682,40.36442447667338,3.053460141756477,11.899079564557397,40.696337610407106,40.27353039700344,0.14707836895251347
40.19131916324744,41.76520488619594,40.13248878177795,2.936685932237952,11.797556271690382,40.74300731725561,40.420608765955954,-0.22928960270851206
40.24463132932588,41.79562799710756,40.1887626253334,2.578304174422077,11.660070518002389,40.80086009573978,40.19131916324744,0.053312166078434586
40.30763053026477,41.8400644533968,40.25488530355777,2.63435947084888,11.891171998927888,40.844551581444875,40.24463132932588,0.06299920093889
40.35698463476554,41.86972762893157,40.30694248063752,2.5742901832171285,12.246646396582394,40.847749430922114,40.30763053026477,0.04935410450077171
40.36832973544397,41.854925335705815,40.31999322161656,2.3911496674521096,11.87027543291787,40.83791395201686,40.35698463476554,0.011345100678433084
40.36692882720919,41.826848785902605,40.3199642429388,2.3311688723442754,12.466116977382615,40.888342224449474,40.36832973544397,-0.001400908234778342
40.42055759798097,41.86817103333736,40.37629804203009,2.6088447407104747,11.744119489319738,40.85676298234926,40.36692882720919,0.053628770771773304
40.39798036661131,41.81782432176935,40.35448425866712,2.2344082594141725,11.995952767156457,40.886269897069084,40.42055759798097,-0.0225772313696595
40.43118733573532,41.83779193117493,40.389830424297,2.5138484867653816,12.27864660480063,40.822445085430694,40.39798036661131,0.03320696912401644
40.37771476978417,41.753298225811776,40.33632226069613,2.085095444273846,11.895500743998465,40.870074332802425,40.43118733573532,-0.05347256595115368
40.42654825615724,41.79600907777797,40.387665664472046,2.594380563240996,11.625732806979242,40.839178790492156,40.37771476978417,0.048833486373069945
40.40256427162497,41.75064244882339,40.36432965102809,2.235788820792304,12.598816227765925,40.804983041426,40.42654825615724,-0.023983984532272018
40.37499807455678,41.70261868619009,40.33733236353111,2.2176176241017083,12.344107140371843,40.730683415307034,40.40256427162497,-0.027566197068189524
40.30984686495487,41.61036075717628,40.27184262378996,2.028981698282814,11.689454200619004,40.654728888022866,40.37499807455678,-0.06515120960190757
40.24252945344493,41.51746965082408,40.20418755979957,2.014346239723659,11.842745749233677,40.58124161678893,40.30984686495487,-0.06731741150993997
40.1769006903837,41.4285108632504,40.13831329673268,2.018615110300422,12.381310345123852,40.59271409870089,40.24252945344493,-0.065628763061234
40.18929661493517,41.43643449157091,40.152411189596606,2.4045086745090574,12.585067919538464,40.48301689416153,40.1769006903837,0.012395924551469761
40.08952712754967,41.30797561327616,40.051547941658754,1.8453684369024357,12.490704717588388,40.37503940683389,40.18929661493517,-0.09976948738549396
39.99070902298496,41.18266637769858,39.951742819818136,1.8430173413587991,11.876092250196074,40.28524136516358,40.08952712754967,-0.09881810456471385
39.90811962301734,41.07896640397075,39.86863806850264,1.916928166989064,11.989683518818754,40.158241432392806,39.99070902298496,-0.08258939996761683
39.79067398972594,40.93417444915693,39.749875858295546,1.7364991177493785,11.61356484043614,40.11382638776984,39.90811962301734,-0.11744563329140334
39.74900970426207,40.8836367156291,39.708832743418334,2.106395925710149,11.617423576636948,39.967570140381305,39.79067398972594,-0.04166428546386669
39.61299770578543,40.718585908132944,39.571126807225525,1.6313782769063183,11.547332466434735,39.884580700977544,39.74900970426207,-0.13601199847663992
39.53488057433262,40.62602817161526,39.492833356984754,1.910155293079706,11.910875288015388,39.73142459466363,39.61299770578543,-0.07811713145281374
39.39159823213996,40.45486589391884,39.34780965793208,1.5779615867416752,11.555752205629718,39.69363556408287,39.53488057433262,-0.14328234219265568
39.35442578258914,40.41489164332182,39.311589266337634,2.096970809282034,12.07509457944862,39.60786094966392,39.39159823213996,-0.03717244955082322
39.2728609998186,40.32086444884554,39.22985740032762,1.8715720783329268,11.650259716417557,39.44342787965451,39.35442578258914,-0.08156478277054191
39.118335535034696,40.138542464100375,39.07340563982846,1.4998584311596603,11.578319038644146,39.376224683930126,39.2728609998186,-0.1545254647839016
39.053164257627536,40.06691086785814,39.00859892630471,1.933956473561108,12.509152705304285,39.31999568606215,39.118335535034696,-0.06517127740715978
38.99805404473627,40.007843043275486,38.95408997017471,1.9783907002833845,12.057347756364114,39.21904443306061,39.053164257627536,-0.05511021289126461
38.90155891652344,39.89840964566624,38.85716473699215,1.7663508635555134,11.769279036599087,39.04238176033485,38.99805404473627,-0.09649512821282968
38.73483276253424,39.7039866286269,38.68832588984342,1.4068400487920971,12.330813779883403,38.92293109419582,38.90155891652344,-0.16672615398920243
38.62047431488716,39.57506959134201,38.57324937635828,1.6547756514087752,12.124351505413388,38.82809359341932,38.73483276253424,-0.11435844764707781
38.52862992977967,39.47437083677763,38.481280013700655,1.7573659783057796,12.580892588158193,38.7033495328794,38.62047431488716,-0.0918443851074926
38.409012752743294,39.34016316600297,38.36087267989195,1.6102030170963135,12.137439156370707,38.544743004156906,38.52862992977967,-0.11961717703637476
38.25784429749164,39.16819426543608,38.20819044954301,1.4419439576900843,11.994162858697194,38.347744211910786,38.409012752743294,-0.151168455251657
38.07080730709635,38.953578040077495,38.0188472885585,1.2495644809783095,12.428010126074618,38.24835146863916,38.25784429749164,-0.18703699039528487
37.97351666981693,38.84997474988381,37.92156298621672,1.6823504710144006,12.08711120194432,38.136213575335205,38.07080730709635,-0.09729063727942133
37.864396650145146,38.732080840165885,37.81216323569458,1.6141057606160871,11.86361124859437,37.92536137857237,37.97351666981693,-0.10912001967178497
37.66390228380827,38.50300515958472,37.609176692324105,1.1471994143280513,12.100197139822388,37.77244190141348,37.864396650145146,-0.20049436633687634
37.51645886129836,38.34020063986296,37.46066620307913,1.395262828253624,12.11021139191,37.628961755818175,37.66390228380827,-0.14744342250990883
37.37751701397568,38.18844725901067,37.320920994468175,1.4245624716599767,12.260170207494882,37.46189423401932,37.51645886129836,-0.138941847322684
37.21659616161428,38.010383826212575,37.15870271423111,1.3020544150870506,12.135347091616898,37.27726668228499,37.37751701397568,-0.16092085236140008
37.03917988988197,37.8129663265717,36.97965383040131,1.2051994910400503,11.712780571404062,37.14105662176055,37.21659616161428,-0.17741627173230512
36.906218872623214,37.67072202320399,36.84622896945443,1.411734259025456,12.533820471869497,37.00767172362132,37.03917988988197,-0.13296101725875786
36.77578944358292,37.53180493255317,36.71542079472788,1.4120244270028048,12.18110953459378,36.8958462094239,36.906218872623214,-0.13042942904029076
36.66523292097638,37.41731645869692,36.60498924859841,1.499194782428533,11.983422423236272,36.6735693047114,36.77578944358292,-0.1105565226065437
36.45258123717605,37.178162445528336,36.38996423142982,0.9780565193239265,11.66436238195861,36.481716134876116,36.66523292097638,-0.21265168380033117
36.26761466821583,36.974112394729055,36.203421341683466,1.0978671580812829,12.076199293615016,36.36530868209699,36.45258123717605,-0.18496656896022046
36.1521296200787,36.85566141911686,36.08813500709539,1.4286864534846242,12.479841714020472,36.22484082566762,36.26761466821583,-0.11548504813712412
36.01446473658379,36.70994221635451,35.950115524064564,1.3065353646294915,12.47413271088471,36.03347876780869,36.1521296200787,-0.13766488349491368
35.82969777696084,36.506877292009726,35.76386123445549,1.0580639275665686,12.008739352546918,35.840217620698354,36.01446473658379,-0.18476695962294798
35.64291493155192,36.30212120160447,35.57561672893868,1.031337599146596,11.728237429511482,35.61005672152057,35.82969777696084,-0.18678284540892065
35.421763395980726,36.05616869719714,35.352238071383866,0.8426131882939729,12.09556577749906,35.41280592692714,35.64291493155192,-0.22115153557119527
35.23065255003393,35.84801996693186,35.15974526381564,0.9731815797424458,11.903038197369249,35.453068361725435,35.421763395980726,-0.1911108459467954
35.2715206610747,35.88352466385795,35.20415976024367,1.1156690685174784,11.765980317852897,35.45252277993439,35.23065255003393,0.0408681110407727
35.274483205653624,35.87346949663812,35.20961563751143,0.9307643887237544,12.232575063170456,35.46231120370632,35.2715206610747,0.002962544578920756
35.28666885505342,35.87582172192294,35.22444303414262,0.978477938465905,11.520447766722189,35.45847245726617,35.274483205653624,0.012185649399796716
35.28599481464362,35.86341271080794,35.22600984634695,0.9163813967693836,12.000643140452596,35.42630017825844,35.28666885505342,-0.0006740404097982378
35.25882608208839,35.8197080337054,35.20036641898153,0.7850140290717803,12.159237963366156,35.41380885444743,35.28599481464362,-0.02716873255523211
35.24946243222083,35.79903640799737,35.192927723124086,0.87297616370935,11.580907608494517,35.46873588031227,35.25882608208839,-0.009363649867559332
35.30216329796406,35.85503440578582,35.24900993718695,1.183493174360552,11.632196268911263,35.44912588916618,35.24946243222083,0.05270086574322619
35.28598323106508,35.82699913708836,35.23439529934511,0.8440288845193595,12.518894744491474,35.47860210289946,35.30216329796406,-0.016180066898975554
35.31490844034367,35.85495473059214,35.26594313776257,1.0691227788971138,11.668415779975629,35.548383187805534,35.28598323106508,0.028925209278590103
35.38105622560428,35.92857146793896,35.335521869873354,1.258225141312541,11.64564784491002,35.602929131640145,35.31490844034367,0.06614778526061116
35.433251317052395,35.98487173693735,35.390664340930684,1.194329555567573,12.061102056733914,35.573534150505786,35.38105622560428,0.05219509144811241
35.40788931608676,35.94647524623471,35.366237889195865,0.8113530848885632,12.405366138996111,35.61593574706374,35.433251317052395,-0.0253620009656359
35.448608794508736,35.989710320503626,35.40948812617886,1.140527730703767,12.195710334551563,35.615391542021854,35.40788931608676,0.040719478421976874
35.44964808517596,35.9845377487455,35.41198879214411,0.9459471801874872,12.083898055934538,35.58065940324318,35.448608794508736,0.0010392906672223035
35.41891828728041,35.94116207005316,35.38189785239599,0.7878268526829146,11.570793675620305,35.56965919985703,35.44964808517596,-0.030729797895546085
35.40984124684571,35.92515486742134,35.37398148530402,0.8942822482772309,11.979078536440648,35.61284737674794,35.41891828728041,-0.009077040434704031
35.45070599782288,35.970645689241685,35.417190443179265,1.1437765175128556,12.196784688139363,35.66125462396199,35.40984124684571,0.04086475097717113
35.496481607815724,36.02194951225219,35.46533275181806,1.1719546806046215,12.217801019206831,35.462700072236665,35.45070599782288,0.04577560999284458
35.30142621154482,35.81920557414034,35.26746843102483,0.9718243889834212,12.002985421745873,35.45254850916658,35.496481607815724,-0.1950553962709023
35.29318223889523,35.80418101028559,35.26028227831894,0.8871448216469511,11.534359335279724,35.49238422953285,35.30142621154482,-0.008243972649594866
35.33099770957379,35.8459067174607,35.30024826156406,1.117295700143306,12.222245772930108,35.52832301520703,35.29318223889523,0.0378154706785665
35.36527850139423,35.88318592869723,35.33650461552961,1.1030128292708652,12.01295975085668,35.50700906016031,35.33099770957379,0.03428079182043575
35.346667398812095,35.85586179594186,35.31849798572696,0.841681594498453,12.493770822478604,35.5687509892714,35.36527850139423,-0.01861110258213472
35.40465255471018,35.92265463811217,35.378945774991855,1.2236730796586606,12.41831570834872,35.54981477735478,35.346667398812095,0.057985155898087726
35.38821159411665,35.89818896580677,35.36304377214095,0.8564602441631494,11.807797633285189,35.51782621195117,35.40465255471018,-0.016440960593534726
35.359513521246726,35.85938870762045,35.33457640698633,0.7943330578930539,11.889543938873556,35.56333371007555,35.38821159411665,-0.028698072869921987
35.40224444768472,35.90847023401919,35.37928644852272,1.1496184656772934,11.847065302169934,35.57113841661933,35.359513521246726,0.04273092643799714
35.41023865643653,35.9148500204518,35.38832657296966,0.9795729098940744,12.40919174611758,35.63618761476574,35.40224444768472,0.007994208751810561
35.47111877157457,35.98593911929933,35.45150495342332,1.2449633049322937,11.984074791579925,35.61851927416877,35.41023865643653,0.060880115138033375
35.45571937266517,35.96339914214426,35.43643930769687,0.8686328478379997,11.812739210517403,35.661205121553444,35.47111877157457,-0.01539939890939479
35.495960502146474,36.009285495666504,35.47836936684735,1.1460096077251312,12.10108245105772,35.46775864749718,35.45571937266517,0.040241129481302096
35.305390275964555,35.81330253957148,35.284583126955496,0.9954124199530364,12.287063699637734,35.44909519200371,35.495960502146474,-0.19057022618191866
35.2890894942542,35.789556373865544,35.26863970789139,0.8482438926839981,11.877897633240403,35.49351535043086,35.305390275964555,-0.016300781710356205
35.33094628644298,35.837329804698264,35.31226996015134,1.138146222408202,12.470068775164943,35.51974091009226,35.2890894942542,0.041856792188781355
35.35609340208356,35.864423328866266,35.33870599932695,1.05819185502167,12.43940895257638,35.58662863695405,35.33094628644298,0.025147115640578477
35.41886717675302,35.937384245666465,35.40363448844268,1.2486452208773888,12.149070193747272,35.592718047737975,35.35609340208356,0.06277377466945921
35.425625664006205,35.94144498126743,35.4110834979403,0.973827447049894,12.36932334031334,35.67171594325416,35.41886717675302,0.006758487253186729
35.499724883118354,36.02792886526902,35.48749408137512,1.3114767302352544,11.8999249587314,35.478388256133435,35.425625664006205,0.07409921911214923
35.30968507748131,35.83146545138878,35.2940142395302,0.9969530619115646,11.98550031815554,35.55498262583601,35.499724883118354,-0.19003980563704204
35.38185823369022,35.91461247410632,35.368477169711504,1.2896562514019188,12.597607359919683,35.62942283026715,35.30968507748131,0.07217315620890474
35.45225237318128,35.99500177974566,35.441014337874506,1.2868810967827495,11.73524917977149,35.67359425623392,35.38185823369022,0.07039413949106432
35.4948462555263,36.04095961484176,35.48497689833372,1.1539197083867894,12.410719569771585,35.48322163100077,35.45225237318128,0.04259388234501671
35.30803226982884,35.84695502798661,35.294677595186855,1.0108033611337657,12.157007805992844,35.58691934662727,35.4948462555263,-0.1868139856974551
35.40573585924894,35.95984893098036,35.395173249652515,1.41542889826763,12.296749767132148,35.614707020559486,35.30803226982884,0.09770358942009949
35.433542849857,35.986639652741815,35.42393855907966,1.0741972317920236,12.217556444754722,35.63290030705329,35.40573585924894,0.027806990608056026
35.452422178739354,36.00275438811985,35.44352435430067,1.0324412491090025,12.32385938186453,35.54588718792948,35.433542849857,0.018879328882356106
35.36135228183393,35.92505294053345,35.35125634142106,1.4848595124087602,12.098501043355514,35.66161823820181,35.452422178739354,-0.09106989690542378
35.470789720347184,36.050459250507934,35.46360574375032,1.4769523548797112,12.035323210663606,35.51195677752464,35.36135228183393,0.10943743851325394
35.32255278141004,35.90065742382057,35.31266012734331,1.197927324332929,12.583763134821066,35.626124936834024,35.470789720347184,-0.14823693893714562
35.430975470450235,36.02346467253143,35.42393466752039,1.46655825910095,12.246469773442133,35.484119396130495,35.32255278141004,0.10842268904019647
35.29020721532352,35.88154139412522,35.280609578942745,1.230007351203333,11.69415925614963,35.56646459478972,35.430975470450235,-0.14076825512671576
35.36959599269555,35.96769250763344,35.362105284040176,1.3168311905123482,11.89456434755876,35.72422631020812,35.29020721532352,0.07938877737203143
35.51881165232914,36.13882407492931,35.5150432033659,1.6732282459437269,11.82347834223429,35.611519292359745,35.36959599269555,0.1492156596335903
35.40577102777054,36.02883334709946,35.39995350220924,1.3746768001799063,12.151636304799627,35.54319962881765,35.51881165232914,-0.1130406245586002
35.333984386049266,35.96842314297573,35.32719135742794,1.569337662237796,11.526859322519226,35.688478480250694,35.40577102777054,-0.07178664172127469
35.472666258610154,36.12352224888996,35.469246933251966,1.6133639257167085,12.587353346994847,35.62121888641526,35.333984386049266,0.1386818725608876
35.40252418692624,36.06309929677936,35.39803317554017,1.5814706684134694,12.074535841033814,35.589748581335954,35.472666258610154,-0.07014207168391096
35.3658138052435,36.04234459841872,35.361087340345655,1.7406429992935706,11.843475212989985,35.581380237513976,35.40252418692624,-0.03671038168274521
35.35093122845146,36.046727994028736,35.346481490061734,1.8445154172466345,11.91091714295192,35.596811189905374,35.3658138052435,-0.01488257679203997
35.358584326024,36.07693257490475,35.35491666878738,1.9537789341501224,11.71562404909366,35.595730278755674,35.35093122845146,0.007653097572543288
35.35156004861769,36.08738268772244,35.34824809992689,1.8789022206827908,11.629949189255376,35.51278069619092,35.358584326024,-0.007024277406308954
35.26930670649944,36.00456450987403,35.264470872199304,1.5003070303600312,11.789269356194495,35.54229854598305,35.35156004861769,-0.08225334211824986
35.29112796289653,36.04840529733501,35.28736237771762,2.0125111722979385,11.518720301309951,35.543223613837235,35.26930670649944,0.021821256397089428
35.28707085465437,36.058933529334745,35.28366645752261,1.8830995216349744,12.44415707018897,35.54314569785783,35.29112796289653,-0.004057108242164986
35.282478779311504,36.06757492821929,35.2793833860427,1.878560441283091,11.865954524741888,35.597505620929866,35.28707085465437,-0.004592075342863211
35.32858087033815,36.136939410015415,35.32699658243603,2.130248718173623,12.160600282852965,35.54839052894722,35.282478779311504,0.046102091026646974
35.27956817823414,36.08852444603895,35.27707896256858,1.6569587725460542,11.78407659024617,35.59456683404727,35.32858087033815,-0.04901269210400727
35.31874055572502,36.14743090848184,35.31752903793494,2.092923078497322,12.350405025598526,35.565922276318524,35.27956817823414,0.03917237749087832
35.289207917647694,36.12104183226303,35.28751707904484,1.7513418299101795,12.111559139299654,35.52915816432582,35.31874055572502,-0.029532638077327533
35.25228462985505,36.08524438722684,35.24994547589558,1.711120961339994,12.513685757801804,35.60605001866618,35.289207917647694,-0.03692328779264642
35.32052787554771,36.17749488279289,35.32012729765795,2.233148715711654,12.385616618684546,35.593424830805425,35.25228462985505,0.06824324569266338
35.30655726913038,36.16773961429955,35.30597760898634,1.8265030547436056,12.366004422699346,35.69103709710031,35.32052787554771,-0.013970606417331055
35.3946477595822,36.282085331530205,35.396378200188536,2.334989944655228,12.17132903146152,35.70599635204242,35.30655726913038,0.08809049045181894
35.4069080141031,36.302111285852526,35.40896975617163,1.9620222913679315,11.588035760427363,35.74884934280029,35.3946477595822,0.012260254520903402
35.445152439588284,36.35324127701528,35.448154311797325,2.09239260166128,11.556387649969142,35.870560834888714,35.4069080141031,0.03824442548518192
35.55661284601097,36.49278415770962,35.562285500945535,2.461008392329564,12.02289512037038,35.91040900121676,35.445152439588284,0.11146040642268673
35.59299426032348,36.53887099747093,35.59936174585589,2.09395122499376,12.244051707698222,35.981012449376145,35.55661284601097,0.0363814143125083
35.658028919875704,36.6192589629562,35.66574946529652,2.239885050078733,11.537894971046445,36.09459357676659,35.59299426032348,0.0650346595522251
35.76313560738638,36.74753232468839,35.77311279822501,2.4452133252329133,12.303906219592116,36.24063381487925,35.658028919875704,0.10510668751067698
35.898749522051254,36.91154406257248,35.91160786001402,2.605943462332817,11.942501362979968,36.274748481332416,35.76313560738638,0.13561391466487294
35.93146600613628,36.948235596599886,35.94454384126109,2.1021779185781284,12.4949762081926,36.437819934863604,35.898749522051254,0.032716484085028696
36.08349014723106,37.13028382386361,36.09968583349615,2.701590347041142,11.539814104787068,36.552909667468526,35.93146600613628,0.15202414109477758
36.19176757161731,37.25710948709192,36.20985194369636,2.495056768991109,12.382154026934703,36.72234383522962,36.08349014723106,0.10827742438625165
36.350660753901145,37.44459920630639,36.37177154548132,2.7571084770334497,12.065479889865218,36.874217229984914,36.19176757161731,0.1588931822838333
36.49388967342618,37.6112725169721,36.51748949955647,2.691816827774771,11.965887319253229,36.99361989751312,36.350660753901145,0.14322891952503625
36.60754793114538,37.74052298774798,36.63278877364598,2.5559419715840326,12.087234875688225,37.12411276744689,36.49388967342618,0.11365825771920157
36.7317397193358,37.88180207316026,36.758796509844615,2.6184162284063484,12.01979588116344,37.28351048024711,36.60754793114538,0.12419178819041576
36.882964998560126,38.05515977078021,36.91240667140099,2.7642941326727746,11.962769875294285,37.411637790810175,36.7317397193358,0.15122527922432738
37.0056841883538,38.19253351491305,37.03669566916368,2.63467297160235,12.383283708247712,37.60881259534219,36.882964998560126,0.12271918979367058
37.19249170204847,38.4073863045592,37.226559779418885,2.965921054652843,12.118629413961676,37.709844606703825,37.0056841883538,0.1868075136946743
37.29092302118303,38.51287269564805,37.3257381032804,2.539916305626538,12.42623615938495,37.878980364753964,37.19249170204847,0.09843131913456205
37.452394890231616,38.69508459695894,37.48946160707131,2.864256679914744,11.569991401388462,38.092121957015344,37.29092302118303,0.16147186904858302
37.65491590100541,38.92632520863559,37.69512476140505,3.083575572219384,11.897763409584272,38.249989380978256,37.452394890231616,0.20252101077379336
37.80684928103075,39.09430939123758,37.84880947066644,2.8480175594642145,11.813325607769707,38.486227230177654,37.65491590100541,0.15193338002534063
38.03149285287484,39.35029450054684,38.07689433711128,3.225156776302849,12.090305875508507,38.69977724890592,37.80684928103075,0.22464357184409067
38.23572363810744,39.57971072122238,38.28389738738793,3.1424230466832634,11.590828360396085,38.90969506445529,38.03149285287484,0.2042307852325962
38.43702086193059,39.80430478884301,38.48775954259227,3.1456597746150057,12.06818436064252,39.09982728184031,38.23572363810744,0.20129722382315407
38.62040052289632,40.00593898242151,38.6731423402031,3.073871998330455,12.360777724831951,39.28684732270823,38.43702086193059,0.183379660965727
38.80116601522207,40.20362409089654,38.85575186200609,3.0773136679658992,11.760746145495425,39.4733640920984,38.62040052289632,0.18076549232575445
38.981696788662205,40.40036153713341,39.0380339504996,3.0925246611554256,12.252357738240594,39.630054004486816,38.80116601522207,0.18053077344013246
39.13485910474176,40.56310525427028,39.19219765444839,2.9721147844168527,12.576361362853172,39.844388759202495,38.981696788662205,0.15316231607955189
39.34139036003258,40.7907869165778,39.4009890009971,3.253317571975469,12.491829929304016,40.010003341604644,39.13485910474176,0.20653125529081962
39.50318400596564,40.96298338812575,39.56384263072253,3.048167610013998,12.354754953891598,40.23466231997626,39.34139036003258,0.16179364593306644
39.71965190896133,41.20167699019805,39.7826580607694,3.3366779773590296,12.316968912883056,40.45688901564805,39.50318400596564,0.21646790299568863
39.93419966409714,41.43707387531186,39.99939350753516,3.34650145845151,11.706700016174954,40.68950145106577,39.71965190896133,0.21454775513581126
40.15864481061788,41.683696195850274,40.226163346729145,3.415358277891928,12.191844647384997,40.97258117492325,39.93419966409714,0.22444514652073622
40.43007301513632,41.98671923896794,40.50095127066548,3.670500365130736,11.584193762089132,41.25604119278699,40.15864481061788,0.2714282045184433
40.70236620276908,42.28929650224919,40.7764608733427,3.6988086172942833,12.549705390786317,41.15415477756966,40.43007301513632,0.272293187632755
40.59681064360357,42.19950793313348,40.66614575597193,3.5837657945013404,11.815034291686608,41.01971951375011,40.70236620276908,-0.1055555591655093
40.46167850610042,42.07179409788091,40.525685937269,3.4237506478916235,12.43218070998577,40.8679520917643,40.59681064360357,-0.1351321375031489
40.31085349540271,41.92366473776792,40.36933804212228,3.331031237943441,11.511439044285757,41.13607572605961,40.46167850610042,-0.1508250106977087
40.57052387667081,42.20539956347233,40.63230373803569,3.618156131644267,12.014871660336947,41.01790693455872,40.31085349540271,0.2596703812681014
40.4512700615458,42.09409804406247,40.50835269806789,3.4972957433618794,11.639790416860114,40.99409885767106,40.57052387667081,-0.11925381512501332
40.41960038724663,42.08841022386271,40.474285961903846,3.922495836407082,11.816725964945872,40.96103134052362,40.4512700615458,-0.03166967429916667
40.38008027352522,42.070787771888966,40.43222597615667,3.877478486456004,12.20902649513099,40.9675961807889,40.41960038724663,-0.039520113721408734
40.37781966062646,42.09657362943665,40.4283952523036,4.057634213022333,12.201385821528412,40.95010837801575,40.38008027352522,-0.0022606128987661123
40.35405231045685,42.09372491932571,40.40254790426468,3.947069818333551,12.333954985808669,40.86621331165966,40.37781966062646,-0.023767350169606516
40.26944989715133,42.01476359706599,40.31442644076166,3.6384259036312376,11.739398306583771,40.875738535458844,40.35405231045685,-0.0846024133055181
40.27146454820565,42.04059245102023,40.31515860715064,4.062486874995248,11.715030169075748,40.872227052679136,40.26944989715133,0.002014651054317085
40.2620431632262,42.05045135688061,40.304186637930606,4.003126739641885,12.045156961233417,40.884672909099045,40.27146454820565,-0.009421384979447112
40.267888699932605,42.07724766554245,40.30888236182207,4.076591180489201,12.23374736924683,40.93277725702712,40.2620431632262,0.005845536706402754
40.30724556401688,42.14316831465154,40.347917892412944,4.242637293853607,12.044737950981832,40.98752733460535,40.267888699932605,0.039356864084275855
40.35339761362373,42.21529873294258,40.393885657249776,4.277892529372497,12.003901149671108,40.977603581066596,40.30724556401688,0.046152049606845935
40.340374598791534,42.213234312151535,40.37920183225672,3.984034575269533,12.169695176587686,41.01354637608845,40.35339761362373,-0.013023014832192814
40.37005875941264,42.26226681525151,40.40831355360121,4.1951722916486585,11.893137486616077,41.04704966570663,40.340374598791534,0.0296841606211089
40.39795735678242,42.3076029582736,40.43558868206389,4.1872780572062815,12.007818598741869,41.06289989488986,40.37005875941264,0.02789859736977718
40.40995434563869,42.33217351008575,40.44657182894514,4.108816119810477,12.51074846430684,41.106511325501934,40.39795735678242,0.011996988856267876
40.44793212852262,42.38741216243928,40.48418968554389,4.238662432538855,12.240771089897509,41.147786136030724,40.40995434563869,0.03797778288393516
40.48415521011725,42.43920487879024,40.51999831918467,4.2319606174336855,12.39138132756619,41.211564273461946,40.44793212852262,0.036223081594627615
40.54154956333696,42.51565530057157,40.57748795647731,4.339882320242987,11.683450999738453,41.29975034792258,40.48415521011725,0.05739435321970632
40.62194485159837,42.61879763643893,40.65850855573046,4.45872082391727,11.59353074281216,41.338619355456196,40.54154956333696,0.08039528826141407
40.65724151132356,42.66534298086611,40.69327357417892,4.23899250530178,12.37892055488015,41.35018209919391,40.62194485159837,0.03529665972519069
40.66753834531114,42.68057420219178,40.7024337500788,4.1163981741159885,11.643926950933732,41.46292238474703,40.65724151132356,0.010296833987574416
40.77150153183607,42.80968233925081,40.8075832831542,4.585266181467696,11.640365458998565,41.550460977878636,40.66753834531114,0.10396318652493619
40.85270193469948,42.90934728407505,40.88933371486137,4.479334086759194,12.362893845704754,41.681302104819046,40.77150153183607,0.08120040286340924
40.97433173168916,43.05712087039695,41.01245371237102,4.68775464348082,11.938024865766495,41.79812118850264,40.85270193469948,0.12162979698968002
41.08354223033648,43.18806315763561,41.12275817753583,4.635206752534704,11.677114030329388,41.823045269405014,40.97433173168916,0.10921049864731458
41.10822333501637,43.21451283531729,41.14639963788138,4.2213076537032,11.607470665515413,41.9277734038085,41.08354223033648,0.024681104679892485
41.20670625695125,43.33093010144994,41.24568385302432,4.592607993145966,11.592261048613407,42.00613720868681,41.10822333501637,0.09848292193488106
41.281165482998055,43.41694193123841,41.32030421182397,4.480544371479268,12.049404941357205,42.103565948241574,41.20670625695125,0.07445922604680533
41.37346591101676,43.52405066827755,41.41318126543042,4.576041043569299,12.421085309525644,42.15700466751789,41.281165482998055,0.09230042801870297
41.42536855553057,43.58101094570684,41.46463450131626,4.38180133794464,12.491281448095902,42.193538981704336,41.37346591101676,0.05190264451380955
41.461705780096125,43.61875519203984,41.50015597297705,4.308658739363213,11.512165312553623,42.24942865336268,41.42536855553057,0.03633722456555688
41.5159268603538,43.67832858632894,41.55403051340527,4.401571038103633,12.53429076804793,42.39167149423941,41.461705780096125,0.054221080257676135
41.65006721065628,43.83516384921849,41.68978342284348,4.806054264950239,11.943791518711851,42.47197948133198,41.5159268603538,0.13414035030248073
41.72737864106223,43.921330269760894,41.7672295331728,4.533054209239173,11.633228762269248,42.63906378789303,41.65006721065628,0.07731143040594901
41.88506698647584,44.10512464676126,41.92699973044199,4.941784428304376,12.534713740908254,42.710625759766195,41.72737864106223,0.15768834541361088
41.954932374353305,44.180254499333024,41.99669040561224,4.51582787200638,12.249340827338882,42.81259774452041,41.88506698647584,0.06986538787746355
42.05296710720259,44.28958470503345,42.095241421325184,4.663134689183799,12.22905773985311,42.87473769861324,41.954932374353305,0.09803473284928543
42.11434848089882,44.35365145743632,42.15621315750457,4.488541819418314,12.531998899760575,42.966793757300906,42.05296710720259,0.061381373696228536
42.20338363715334,44.45146758549339,42.245530049256,4.632680331708738,11.67201553096306,43.0886111034121,42.11434848089882,0.08903515625451774
42.32005979775776,44.58262991256088,42.363143599917656,4.778910771903421,12.035247530419287,43.261586143538636,42.20338363715334,0.11667616060442043
42.48428144933075,44.77106635307071,42.52941062821446,5.026857226160451,11.511877364870406,43.42181228968485,42.32005979775776,0.16422165157299418
42.6371598960648,44.944327835547085,42.68394913744268,4.984141888229299,12.08403345881077,43.55746547707017,42.48428144933075,0.15287844673405004
42.76767252335053,45.08923555833099,42.81548834952898,4.88556233208694,12.418797432284588,43.69395448469529,42.6371598960648,0.1305126272857251
42.89918023818542,45.234690682108166,42.947992533792274,4.902149523011443,11.885254913576071,43.84794277323209,42.76767252335053,0.1315077148348962
43.047077990024846,45.39951602892763,43.09723430074381,4.995855738623376,12.409730034795077,43.91244271197917,42.89918023818542,0.1478977518394231
43.11249769564228,45.46291471268754,43.161915727607685,4.596562523199373,12.582407535860032,44.07054186993967,43.047077990024846,0.06541970561743682
43.26432570905933,45.63214821104641,43.31515168971329,5.035348134944935,12.47241526365633,44.225557339787464,43.11249769564228,0.15182801341704533
43.41357955625495,45.79741463690747,43.46567782619997,5.03591955668533,12.071862104514508,44.31632599467226,43.26432570905933,0.14925384719562373
43.50366914935879,45.88977807734325,43.55553075731472,4.753422413079401,12.00850045330214,44.48204622265869,43.41357955625495,0.09008959310384057
43.663009555688326,46.06679213187115,43.716336980416585,5.108458053785145,11.953570105487133,44.62183986282597,43.50366914935879,0.15934040632953383
43.79865163131608,46.21407631445497,43.85279164270688,5.00413307608931,11.83780022433655,44.73421491672534,43.663009555688326,0.1356420756277572
43.90908234088239,46.33018351349528,43.96337889579837,4.890476242649257,11.900339841717477,44.84499872033635,43.79865163131608,0.11043070956630885
44.01805365016239,46.44447827277924,44.07246423806741,4.893654663226946,12.03282767418592,44.906199783427724,43.90908234088239,0.1089713092800011
44.08118151342531,46.502835024018935,44.134582812838914,4.674802219069147,12.120196537373388,45.0447330817037,44.01805365016239,0.06312786326291331
44.215604708009614,46.6488051785639,44.26978935853757,5.0380687732046905,11.80506331903192,45.18506634183024,44.08118151342531,0.13442319458430774
44.351832900784366,46.796560846065134,44.40680527864123,5.059381387619289,11.594554239319605,45.346582815371534,44.215604708009614,0.13622819277475173
44.50778644885067,46.96797380646272,44.56398819080122,5.170478235881908,12.474217570667744,45.44305405396424,44.351832900784366,0.15595354806630723
44.60381417478127,47.065627074693055,44.6597209124184,4.884898538776846,12.253222629080607,45.5412196417352,44.50778644885067,0.09602772593059683
44.70132900119043,47.16533627077151,44.75699365324365,4.90177425953276,12.431302216606287,45.5948785977594,44.60381417478127,0.0975148264091601
44.75762372927134,47.21495783743124,44.81205422657562,4.705205813565479,12.01513246546726,45.716647484920344,44.70132900119043,0.056294728080906964
44.87664320307288,47.34186463524685,44.931434616441294,5.02512633111883,12.464858474238298,45.818167977185055,44.75762372927134,0.11901947380154354
44.97700038977498,47.44582420380046,45.03167933797973,4.942928110600412,12.430285532100063,45.875637471013626,44.87664320307288,0.10035718670209803
45.03659318094312,47.500147789170654,45.09017144292709,4.748781613415675,12.55323213644997,46.02608143527101,44.97700038977498,0.05959279116814287
45.18193595167477,47.6597453203356,45.23656303380268,5.184017710929795,12.269425342802542,46.15309147711747,45.03659318094312,0.14534277073164503
45.30581008075043,47.79255605628966,45.36090829431232,5.089783303679734,11.78472045847571,46.22457403574748,45.18193595167477,0.12387412907566642
45.37842267196316,47.86258196021814,45.43271747506114,4.844969366584758,12.4643151055162,46.27556330906646,45.30581008075043,0.07261259121272445
45.43192125457127,47.90978043753643,45.4849882350917,4.756919251411391,12.454566305004718,46.34748415182752,45.37842267196316,0.05349858260811402
45.50453356414444,47.98101630847531,45.556902582862826,4.858467755026429,11.787810097628835,46.393097133106124,45.43192125457127,0.07261230957316656
45.55268789813385,48.02280556004955,45.603797941134985,4.743576751928415,12.319355628358975,46.08841427973872,45.50453356414444,0.048154333989408826
45.25154682779392,47.71915652308648,45.29453948833576,5.0025516719221965,11.94045833660766,46.174972596836106,45.55268789813385,-0.30114107033992354
45.33758926863785,47.80671512703351,45.38061339483695,4.90860591746975,12.249330906767494,46.26698852943209,45.25154682779392,0.08604244084392576
45.42861023090908,47.9005649684977,45.471790388889495,4.941951152380356,12.474451437664024,46.31652909182733,45.33758926863785,0.09102096227123013
45.48031666983665,47.94658067011513,45.52268993553019,4.754197743969868,11.99541656851617,46.4285572306672,45.42861023090908,0.05170643892756743
45.58958332624712,48.06348854690574,45.63259981884874,5.047738549008212,11.952634313736826,46.09760651483783,45.48031666983665,0.10926665641047606
45.26415787781346,47.72988012443837,45.29878154226167,4.884440568390533,11.64480474244388,46.18457985400247,45.58958332624712,-0.3254254484336627
45.35046781470979,47.817806683535615,45.38546506376201,4.911393247600507,12.256112805547222,46.272032518637275,45.26415787781346,0.0863099368963276
45.4371573799862,47.90641330443136,45.47252687149425,4.921760720970461,11.662444242010078,46.41648793213246,45.35046781470979,0.08668956527641569
45.57649954741785,48.05944927039468,45.613514978584845,5.1935009827123455,12.460307940162185,46.13174003045672,45.4371573799862,0.13934216743164995
45.2940155169453,47.77729728330112,45.32390729112375,5.096934830081355,11.883577689085843,46.19051078420341,45.57649954741785,-0.28248403047255266
45.35464495180111,47.83244342300267,45.38444397780645,4.784220549338004,12.203434037036304,46.224332869262916,45.2940155169453,0.06062943485581229
45.39198348518091,47.859875922472405,45.42113920013543,4.674377314958944,12.474741794861448,46.32738946699299,45.35464495180111,0.037338533379795535
45.49302866352233,47.96599912355627,45.52314061390035,4.997634996496064,12.23703563350551,46.42077501848011,45.39198348518091,0.10104517834142257
45.58514412424152,48.06122482065248,45.61595611054634,4.962583123944776,12.594481644638734,46.02712043254036,45.49302866352233,0.0921154607191923
45.20172757978149,47.65642267413579,45.22321104370379,4.593823620482939,11.91039327938377,46.1417362637231,45.58514412424152,-0.38341654446003304
45.31330562089845,47.77559007597029,45.33631309430055,5.032593454127516,12.159056110617934,46.21075417107438,45.20172757978149,0.11157804111695668
45.38278993655306,47.84324241879452,45.40623015787556,4.832523694855708,11.920479939685269,46.26471980305471,45.31330562089845,0.06948431565461277
45.43822271611669,47.894192365526514,45.461744327520925,4.7693976432492775,11.634561847441788,46.29108245381809,45.38278993655306,0.05543277956363113
45.46794423835604,47.914374495200654,45.49092862789759,4.64683291786745,11.735227092779024,46.31371640201005,45.43822271611669,0.029721522239348985
45.49392539682134,47.93090283169763,45.51632097751117,4.632057190477647,11.906895796161946,46.330972160427564,45.46794423835604,0.02598115846529936
45.51464763810948,47.94190147474063,45.53636736843257,4.609306002635197,11.90215937029602,46.40284981507599,45.49392539682134,0.020722241288140708
45.585590190513216,48.01505505155507,45.60790420315968,4.863452142166519,11.503967397264324,45.976728515141616,45.51464763810948,0.0709425524037357
45.17086968630952,47.575809629114026,45.1835062300013,4.442010011928649,12.46623211801022,45.98733087090486,45.585590190513216,-0.414720504203693
45.18494096282457,47.57989784088589,45.19715380900412,4.546949356925781,11.911527211526773,45.99983967583028,45.17086968630952,0.014071276515046804
45.20049118250936,47.58667675191907,45.2123510930624,4.556749506900276,12.401158411632617,45.97085368020263,45.18494096282457,0.015550219684790534
45.17741907146457,47.54712835155511,45.18801361758821,4.366070006086013,12.066789251034177,45.95205209518536,45.20049118250936,-0.023072111044790233
45.16335043608015,47.51983060406684,45.17297524540907,4.410427802215295,12.448728452916155,45.92149362114534,45.17741907146457,-0.014068635384418826
45.138073027362566,47.47989372925141,45.146514106822025,4.354299983221433,12.04484617290755,45.887160674038135,45.16335043608015,-0.025277408717585104
45.10894297669742,47.43636324217991,45.11617580323707,4.333974979221645,12.281332353873564,45.83053300102207,45.138073027362566,-0.02913005066514529
45.05884669552173,47.36832290528263,45.06442940226185,4.227670865243051,12.38184585898838,45.86344078024198,45.10894297669742,-0.05009628117569065
45.09112033189408,47.40204778095386,45.097154227878015,4.636305230437801,11.546117106879077,45.79864591342505,45.05884669552173,0.032273636372352144
45.033051708047374,47.32557131338712,45.03731471884063,4.18767616904994,11.706365133169712,45.74610155944152,45.09112033189408,-0.05806862384670808
44.98588696938312,47.263676152416245,44.98874155652522,4.238229516949469,12.21396295599254,45.77123533431293,45.033051708047374,-0.0471647386642573
45.01021067573541,47.29001742241164,45.013477904791735,4.592428310396465,11.987182199457688,45.795743175320105,44.98588696938312,0.024323706352291197
45.03398078521922,47.31561937654515,45.037629364195965,4.591890940324967,12.337202782194236,45.800074659818485,45.01021067573541,0.023770109483812973
45.039115207159846,47.31843462436175,45.04267414793385,4.500906329092461,12.4221388210859,45.790439236097825,45.03398078521922,0.005134421940624634
45.03126660085294,47.30562413326648,45.03442697417408,4.4367365474612415,11.585692544724148,45.72817303938124,45.039115207159846,-0.007848606306907868
44.9746283129763,47.23366766320407,44.97622314196335,4.1924994674607445,12.500609524673878,45.61569251538517,45.03126660085294,-0.056638287876637605
44.87121556937826,47.105675220426974,44.87018675635028,3.954495178284637,12.44948699451395,45.521619522399654,44.9746283129763,-0.10341274359804231
44.78428880316167,46.9993942409716,44.7811755230657,4.029041760750001,11.621461908597787,45.42081614390074,44.87121556937826,-0.08692676621658535
44.690724254958,46.88625152499782,44.6854726517464,3.989095595516829,12.536444299401584,45.3258679576843,44.78428880316167,-0.09356454820367333
44.60216154119414,46.78043858847816,44.59500374338061,4.006706129672527,12.122741262119332,45.19040506740186,44.690724254958,-0.0885627137638565
44.47578039048484,46.62954380284947,44.46589100887128,3.8104826958445153,12.397148070712088,45.159212127208605,44.60216154119414,-0.12638115070929956
44.44530961398343,46.59715866280877,44.43516810483359,4.279847815304921,12.148510524483996,45.040335394577404,44.47578039048484,-0.030470776501410057
44.33374648730527,46.46587473643303,44.32138495999391,3.871530423125012,12.432483518017849,45.004653979631236,44.44530961398343,-0.11156312667816337
44.298717678263,46.42912857187772,44.286115688752986,4.2450177786064,12.514075304293542,44.89536559280281,44.33374648730527,-0.03502880904226657
44.19562394067143,46.30934252787522,44.18113030986177,3.901361990507007,12.30430386108943,44.85412606958755,44.298717678263,-0.10309373759157126
44.15513035728591,46.266880617966265,44.14036723351046,4.205722618419177,11.731513174313298,44.69695924117044,44.19562394067143,-0.040493583385519116
44.007439563302455,46.09363608636293,43.98980207384595,3.665884039743255,11.668004751092054,44.62205610629173,44.15513035728591,-0.14769079398345752
43.93530908162574,46.01407339924434,43.916785838005126,4.031471895640634,12.064119401105346,44.44697945614206,44.007439563302455,-0.07213048167671587
43.77044021824778,45.82168795469735,43.74881019548105,3.561310159510917,11.924205251139115,44.31894892100743,43.93530908162574,-0.16486886337796136
43.64853538410847,45.68330840760329,43.62500297131053,3.762395077483297,12.320918149503145,44.223448028086835,43.77044021824778,-0.12190483413930764
43.556416475907646,45.5821258989052,43.53180170944766,3.9007816950572582,11.530782553273166,44.078613313341094,43.64853538410847,-0.09211890820082402
43.41855000151512,45.42550257918896,43.39178735931922,3.663738333328404,12.324739718500664,43.89247159758008,43.556416475907646,-0.1378664743925242
43.24215323101173,45.22285344981236,43.21240811191613,3.459175889867184,11.98902819581281,43.7750936306032,43.41855000151512,-0.17639677050339486
43.12885077271417,45.09861934285222,43.09781077624319,3.759633009733308,12.329726587308237,43.58945066961038,43.24215323101173,-0.1133024582975537
42.95227168044055,44.89762689354824,42.918453434842334,3.433012758889518,12.220831245696566,43.48733249347032,43.12885077271417,-0.17657909227362012
42.85248601904522,44.79161127055469,42.81790019081106,3.801763339756621,12.597385246515143,43.305770744284324,42.95227168044055,-0.0997856613953303
42.67919757705293,44.5960310777088,42.64208357809122,3.424893866792134,11.639077578679451,43.104233509739636,42.85248601904522,-0.1732884419922911
42.48705235149756,44.37857439880513,42.44707377891624,3.315510279862841,12.270287075270836,42.99206412948556,42.67919757705293,-0.19214522555537172
42.37709880527465,44.2626918583937,42.33640172478835,3.709785299304441,11.775238342472033,42.86532637034329,42.48705235149756,-0.10995354622291131
42.25365166850401,44.1303909886829,42.21193645384295,3.631914891362369,12.113012846155367,42.66813518075798,42.37709880527465,-0.12344713677063623
42.0649736199225,43.91873796889922,42.02069395345221,3.294300991924945,12.395886458609796,42.43998680887886,42.25365166850401,-0.18867804858151516
41.847285431028055,43.67281647428424,41.79985852132428,3.132679982622352,12.473257148052694,42.2786573594009,42.0649736199225,-0.2176881888944422
41.69089184804308,43.50311229893908,41.64196793122054,3.4202075238522944,12.444306489412549,42.1438416248557,41.847285431028055,-0.1563935829849754
41.55885082261077,43.36358081909213,41.5090932328642,3.527662012553184,12.102204804652766,41.90105560568765,41.69089184804308,-0.1320410254323079
41.32693609214569,43.1022877797158,41.273942945201455,3.0158384302875243,12.045428247966466,41.68942908862374,41.55885082261077,-0.23191473046508548
41.12332988343629,42.87700654476414,41.06795083767079,3.1371273969105475,11.50217850596374,41.41748886615239,41.32693609214569,-0.20360620870939528
40.86362261358889,42.58424057461722,40.80460341025108,2.838428972973868,11.70499913940379,41.270148418639984,41.12332988343629,-0.25970726984740367
40.71856061374756,42.43300713247202,40.65887750970036,3.38899046604944,12.19381086972816,41.08842265918239,40.86362261358889,-0.1450619998413245
40.541718973755,42.24292740448229,40.48062159930989,3.216203209539505,11.554181753319742,40.81221017305637,40.71856061374756,-0.17684163999255986
40.27737251771216,41.94646814833504,40.21278985312191,2.762318774088554,12.250735686928076,40.95329221653179,40.541718973755,-0.2643464560428441
40.42035634953308,42.07852222696329,40.360998073099005,3.025746847813542,11.696679390825528,40.75874321638408,40.27737251771216,0.14298383182092067
40.23054811867711,41.87616451148431,40.16951701899082,3.1271778929304204,12.002128695480453,40.91154836684001,40.42035634953308,-0.18980823085596654
40.383832244563386,42.02264093855075,40.32817191740588,3.0749138020183997,11.862160008878767,40.63592834034865,40.23054811867711,0.15328412588627316
40.11861712665457,41.72984068684216,40.0593272075492,2.7484267655135177,12.009248863014516,40.789209771186385,40.383832244563386,-0.26521511790881647
40.27158466668011,41.87840697674208,40.21763767013695,3.065577056774421,12.459558373807026,40.828844157432634,40.11861712665457,0.1529675400255428
40.31918985336874,41.89951962919285,40.26782298973632,2.5545021691049445,12.364027635428748,40.86609015744765,40.27158466668011,0.04760518668862801
40.36384266131743,41.91949777586185,40.31493003516368,2.5471500474978934,12.249927477548834,40.983449172330744,40.31918985336874,0.04465280794868676
40.48188063731689,42.031306195081655,40.437160684593685,2.921008634674615,11.821753784303668,40.641484591435734,40.36384266131743,0.11803797599946364
40.152900997023046,41.66883241056573,40.10272036671845,2.448347306486003,12.523199307523722,40.6872722580897,40.48188063731689,-0.32897964029384497
40.20396764326036,41.70140347161967,40.15644565938904,2.569030189534631,12.48449756303841,40.69927681433172,40.152900997023046,0.051066646237316604
40.22325945426749,41.6970203023618,40.177550686365855,2.4171122365257367,12.230454428806016,40.73321725707056,40.20396764326036,0.019291811007128956
40.262196196733576,41.718706079389534,40.21874949508856,2.519633572947733,12.165970518988482,40.82332516080372,40.22325945426749,0.038936742466084695
40.35257844371623,41.80480544131931,40.312591597375615,2.782479866321046,11.864185594545946,40.82102443362075,40.262196196733576,0.09038224698265651
40.35730731973863,41.78719817911603,40.31856780200757,2.363679524723314,11.667569027846124,40.86699453339687,40.35257844371623,0.004728876022397799
40.40608251384163,41.82524752265832,40.36965356369066,2.5866176165511265,12.22879032129358,40.84439849024586,40.35730731973863,0.04877519410300124
40.39112600552667,41.78668647282582,40.35538299238509,2.2739092089276998,11.840364305403943,40.83358946970574,40.40608251384163,-0.014956508314959649
40.38646819577995,41.76262650944096,40.35167370389632,2.326267505089112,12.29631722363774,40.82564749580212,40.39112600552667,-0.004657809746724695
40.38396066289989,41.7428200039252,40.35016182058129,2.3384933238115946,11.830949112653448,40.75364428537415,40.38646819577995,-0.002507532880059671
40.32176994049853,41.65166300375465,40.28749991186927,2.041556520180669,11.905016144416068,40.780178294088785,40.38396066289989,-0.06219072240136114
40.3500040515469,41.672999281109554,40.3175315496099,2.4903582429660758,11.756068259294148,40.7555592594366,40.32176994049853,0.028234111048369925
40.33073165903799,41.63710592913287,40.29884019013894,2.256338919653861,11.834790282505322,40.7697110668733,40.3500040515469,-0.019272392508909775
40.34689831907144,41.64577891294388,40.31645596860458,2.4332690390615883,12.396197365846534,40.69889958114172,40.33073165903799,0.01616666003345557
40.28429248035774,41.559072566094834,40.253333696972575,2.0417725789513983,11.97227394264302,40.64512553203642,40.34689831907144,-0.06260583871370073
40.23687980157456,41.49266556503117,40.20583122950353,2.113887845546158,11.76719419273742,40.610560828485625,40.28429248035774,-0.047412678783182116
40.20678690056283,41.448792769431385,40.17610281546265,2.1976448987531723,12.178667404560253,40.558719242827,40.23687980157456,-0.030092901011727236
40.16039471934182,41.38607928125703,40.12968372788215,2.114517197064337,11.938161992402293,40.44817978607954,40.20678690056283,-0.04639218122101596
40.05935352131906,41.25787887551657,40.02730696140298,1.838265025628883,12.145516133604174,40.367839135778844,40.16039471934182,-0.10104119802275591
39.98563801968678,41.16486631665955,39.9530130709902,1.967505308550758,12.468790259799128,40.313390972941995,40.05935352131906,-0.0737155016322788
39.93544412863121,41.101864645730856,39.90286414446392,2.079671516993547,11.812267947122406,40.26647812566762,39.98563801968678,-0.050193891055570816
39.891943077080064,41.04790421623326,39.85958708368951,2.109397103397413,11.991961283042537,40.17873641769365,39.93544412863121,-0.043501051551146475
39.81046863535149,40.94832531407605,39.77741530365341,1.916225985149812,12.07192556847666,40.07046905320873,39.891943077080064,-0.08147444172857377
39.709634863142405,40.826308958875536,39.67546333760824,1.8130923346172545,12.166234547016064,39.97654942877238,39.81046863535149,-0.10083377220908574
39.62162866510002,40.72129588216413,39.58672373905299,1.8692650865290024,11.725787346012863,39.86315968611434,39.709634863142405,-0.08800619804238607
39.51527614311747,40.59496217525149,39.47924073997407,1.7704335348908362,12.578128807795936,39.80584625181099,39.62162866510002,-0.10635252198255074
39.46037495206756,40.53262949198094,39.42453431138448,2.019053055848791,12.421180891000407,39.723692821945576,39.51527614311747,-0.05490119104990754
39.38237891983408,40.442529638297984,39.34616990770467,1.89883188004804,12.260231200829956,39.554225091881115,39.46037495206756,-0.07799603223347873
39.22342216996783,40.25435507854694,39.184898027128575,1.487439070805777,12.181281796309904,39.35588560962415,39.38237891983408,-0.15895674986624897
39.03718288047919,40.034667986873245,38.99580596152003,1.3380524786956651,11.934479680691917,39.27683634369081,39.22342216996783,-0.18623928948863977
38.960581361662726,39.95074657812279,38.91918109128692,1.8709621833261687,12.450974571264936,39.122075982200165,39.03718288047919,-0.07660151881646726
38.81387493027923,39.78160517369142,38.77074784262983,1.5135094576028056,11.746810058182652,38.998857084534414,38.960581361662726,-0.14670643138349249
38.695915533665016,39.64879832734358,38.65185739259464,1.6448174856156224,11.568282583904049,38.816240044870256,38.81387493027923,-0.11795939661421784
38.52278306042731,39.44943705463783,38.476500019545625,1.3586409078100947,12.516777876972244,38.69045098850932,38.695915533665016,-0.17313247323770753
38.4017093465367,39.31505365960168,38.35458995938957,1.604244337168645,12.265002612211063,38.54149477401685,38.52278306042731,-0.12107371389060972
38.25900936599917,39.15490321069164,38.21057174535972,1.4853366006595214,12.526981837153643,38.36588031764749,38.4017093465367,-0.14269998053752886
38.09136995036836,38.96519532571909,38.04107567685504,1.348114473976627,11.838845646472192,38.207598850925,38.25900936599917,-0.1676394156308092
37.93937463562117,38.795719304529264,37.88770261262458,1.411777883765795,11.977710360423144,38.09665956751218,38.09136995036836,-0.15199531474718952
37.83087640507915,38.68014256916228,37.77895972829509,1.615811843961243,12.422085297241608,37.88451326068839,37.93937463562117,-0.10849823054201835
37.62874308670583,38.45048673504847,37.574309960310856,1.1374944322329732,11.502286332560669,37.7754175443545,37.83087640507915,-0.2021333183733205
37.52140973869609,38.337939893834736,37.466903000532646,1.594033203787645,11.812859738898888,37.62857360544648,37.62874308670583,-0.10733334800973893
37.37916858568363,38.1828126583194,37.323739572336414,1.4092821932934163,11.627782448953209,37.40254734013147,37.52140973869609,-0.14224115301246343
37.16354289578941,37.938651308622845,37.10544781598216,1.029424001833712,11.52297296751576,37.182039617372475,37.37916858568363,-0.2156256898942175
36.952521505688175,37.70158837600834,36.89200897042092,1.0337364977893997,12.484350905942067,37.073658658514915,37.16354289578941,-0.21102139010123722
36.84474343869333,37.59177735248514,36.78445518436629,1.5314551285625593,11.853607639947576,36.86685501520541,36.952521505688175,-0.10777806699484671
36.64604005217824,37.37078158084646,36.58374341259152,1.0662540199147434,12.501045318968442,36.75926933211054,36.84474343869333,-0.1987033865150849
36.53872959333929,37.26232276007179,36.47675564292055,1.5055775581562507,11.892267367777515,36.62356962709875,36.64604005217824,-0.10731045883895263
36.40552950744397,37.12195226863896,36.34322710521333,1.3655132131841063,12.22915872999849,36.455668193184614,36.53872959333929,-0.13320008589531795
36.2425296039064,36.945288944367896,36.17918603127956,1.2039111569370116,11.565741280173755,36.32388418832183,36.40552950744397,-0.16299990353757465
36.11276427006808,36.809646699449466,36.04924159544794,1.3551503571528798,11.995824774498754,36.215797087581315,36.2425296039064,-0.12976533383832134
36.00491766104435,36.70071631596036,35.94175728573924,1.45235513895004,11.966456856922209,35.98845033427471,36.11276427006808,-0.10784660902372423
35.78690439554698,36.4570495081787,35.72139709909844,0.8908455731259959,11.88060727299482,35.81527478275803,36.00491766104435,-0.218013265497369
35.61856413718058,36.27521967516383,35.55204053592968,1.1199746364594787,11.574865409239518,35.63613132369213,35.78690439554698,-0.1683402583664062
35.44455484887843,36.086913062768325,35.37692605942966,1.0761444184090083,12.059292986217692,35.41500685089179,35.61856413718058,-0.17400928830214468
35.231561545126866,35.8515287858312,35.1619302217173,0.865253144741028,11.553691512400029,35.47977683942336,35.44455484887843,-0.212993303751567
35.29516628367184,35.91458293834922,35.229581296249016,1.2291831231671255,11.501671103990514,35.531619940438674,35.231561545126866,0.06360473854497428
35.34674783274958,35.96335039461739,35.284761593949035,1.175482708288143,12.192982649347464,35.554335195816094,35.29516628367184,0.05158154907773849
35.371278288980314,35.97963020257698,35.312097095890984,1.0456668082418394,11.604010224037784,35.5989050555646,35.34674783274958,0.024530456230735354
35.415785256185,36.021128631118714,35.35980127939008,1.1488274735618218,12.048665214459112,35.37319512541231,35.371278288980314,0.04450696720468983
35.197680934929004,35.7827359771808,35.13916846412712,0.8405225818451202,12.360348758608934,35.33405114652579,35.415785256185,-0.21810432125599988
35.164387320306375,35.73059361811572,35.10717250115526,0.7447945161545702,11.826946953180231,35.29951763651859,35.197680934929004,-0.03329361462262881
35.134908808055265,35.68458175705158,35.079062344448914,0.7624255409941434,12.551149896625994,35.28849487764168,35.164387320306375,-0.02947851225111009
35.12677870172305,35.665913205570675,35.07279272563133,0.8678730542447943,12.397411004435236,35.25842660342686,35.134908808055265,-0.008130106332217224
35.10078093307885,35.62633602478661,35.04816285241512,0.7787755765665466,11.757533432417834,35.28335720816909,35.12677870172305,-0.025997768644195673
35.125321333120844,35.649479447253434,35.075270844132994,1.0302245843470812,11.76001030439312,35.297981305759556,35.10078093307885,0.024540400041992427
35.14027937139202,35.661199247909856,35.09246529797681,0.9849065132546876,11.573878799463731,35.356342895977846,35.125321333120844,0.0149580382711747
35.195589348583695,35.72252498647347,35.15091435287637,1.188485835445814,11.738314138633704,35.31669084883446,35.14027937139202,0.055309977191676296
35.16037731232619,35.67319256613676,35.11650266804042,0.7408051897818546,11.542608549439183,35.3902929415759,35.195589348583695,-0.03521203625750502
35.22956422106387,35.752288129840224,35.1890264738236,1.2606907495399349,12.350667226577642,35.344327136636416,35.16037731232619,0.0691869087376773
35.188385084033186,35.69624827626503,35.14834804961102,0.7147883460753508,12.342901830002813,35.361540125309645,35.22956422106387,-0.041179137030681545
35.20528785413323,35.7121619472873,35.167170574508404,1.002566039680361,11.98640207382283,35.320226033050346,35.188385084033186,0.016902770100045927
35.168036597320885,35.66219679597533,35.13044470585481,0.7335850920361954,12.085810081381489,35.39601875627684,35.20528785413323,-0.03725125681234687
35.238784786542425,35.74492043869861,35.20435104358946,1.2711285859743582,12.148201740009718,35.461490779439096,35.168036597320885,0.0707481892215398
35.300236096144374,35.815642105918975,35.26859413625393,1.230521461448358,11.631361454526225,35.52680100644789,35.238784786542425,0.06145130960194933
35.361722202129386,35.88592915558639,35.3327516616279,1.235913538562022,12.042238083234244,35.59888138706118,35.300236096144374,0.06148610598501136
35.42963970442058,35.963622602289746,35.403381854473224,1.273339036323209,12.498707608524402,35.56368178603889,35.361722202129386,0.06791750229119486
35.39854775144609,35.92002925805859,35.372468348612,0.7841059157826908,11.774181671206044,35.548581841871076,35.42963970442058,-0.031091952974492187
35.385751385973784,35.899685848576034,35.36030829106341,0.8737247971218346,11.643852457439696,35.58010044156403,35.39854775144609,-0.012796365472304672
35.41588242823725,35.932309368924564,35.392109527530266,1.0878369036545052,12.38906905168004,35.62840054568109,35.385751385973784,0.030131042263469965
35.46156884898322,35.98385501091571,35.43977777714433,1.1683776524848095,11.644976394071342,35.61955783861706,35.41588242823725,0.04568642074596596
35.45452626830587,35.97080147884617,35.43334576869915,0.908715365318334,11.5767038959263,35.5782098563287,35.46156884898322,-0.007042580677349974
35.41728083254179,35.92138942460969,35.39595931183461,0.7575979269561524,11.535418680117292,35.562876032392836,35.45452626830587,-0.03724543576407768
35.40381459679964,35.90185818818659,35.38295531219228,0.8739860453366293,11.833610248608746,35.53078013979634,35.41728083254179,-0.013466235742150445
35.374708534534605,35.863711203241785,35.35392068161264,0.7950467892160737,12.23295650300074,35.59182414093347,35.40381459679964,-0.029106062265036314
35.43152443249048,35.93103345165624,35.41291453865368,1.2226500763620962,11.745892316021862,35.67107195820203,35.374708534534605,0.05681589795587172
35.50539202309707,36.018547054439594,35.48927679706942,1.3125394943654685,12.059748598427417,35.53542550054094,35.43152443249048,0.07386759060659642
35.368260316839454,35.88784061374436,35.350175571039,1.263565167887347,12.172473015429356,35.61972142889011,35.50539202309707,-0.1371317062576196
35.44740852969112,35.97986803483472,35.43188772214449,1.3306090662517622,11.559099478648736,35.65149936116773,35.368260316839454,0.0791482128516634
35.478250994431754,36.01224846135407,35.46399862771737,1.0957072261579268,12.298961580501912,35.50561763258466,35.44740852969112,0.0308424647406369
35.33225084240728,35.868900445306174,35.31570161004051,1.214424592628561,12.146866498467984,35.56968151825086,35.478250994431754,-0.14600015202447736
35.39319642451293,35.93717350755385,35.378674622685786,1.2342880344790863,12.225025574914955,35.581079226588514,35.33225084240728,0.06094558210565282
35.405572276060234,35.94586032112764,35.391805082577655,0.9968011918837342,12.418817518732554,35.695924982943275,35.39319642451293,0.01237585154730425
35.51349502815217,36.071488828128736,35.50279109254892,1.4761421835589852,12.21817560785614,35.577852366261844,35.405572276060234,0.10792275209193747
35.39381995784179,35.958453664552586,35.38128347639115,1.3471747712656703,12.546726408191832,35.675387702565445,35.51349502815217,-0.11967507031037883
35.48640142881867,36.06329837798302,35.47646330089466,1.395825979997465,12.237218510879416,35.586939262189865,35.39381995784179,0.09258147097687441
35.39465685488844,35.98265749721512,35.38350343446603,1.4822275783142802,12.278875900617717,35.71878215383432,35.48640142881867,-0.09174457393022806
35.519585890445,36.12503442564979,35.511726145408176,1.5553107990389796,11.93627907549338,35.535258421629955,35.39465685488844,0.12492903555656198
35.34065285889756,35.93579959886576,35.32932280712653,1.0467485777868282,11.96831288314191,35.61587250838133,35.519585890445,-0.17893303154743734
35.41846770917977,36.01987740045289,35.409272415511325,1.3136248633039882,11.697030436767026,35.492548763666186,35.34065285889756,0.07781485028220914
35.29521224505497,35.89847728511704,35.28395676082654,1.3154284811666468,11.716303800573344,35.54104353569488,35.41846770917977,-0.12325546412480293
35.34359930930966,35.9457909794382,35.333740318336794,1.1611300417727393,12.452148295118176,35.58994081704271,35.29521224505497,0.048387064254690415
35.392277803001875,35.993771858869685,35.383772789256554,1.1675332323791947,12.361180900656716,35.622978070112765,35.34359930930966,0.048678493692214886
35.42621954206342,36.02405429076897,35.418660377505894,1.098787070021129,11.532573990931128,35.56150065227058,35.392277803001875,0.03394173906154663
35.36005726009621,35.97267188275482,35.3517728139607,1.6020270694997447,11.536331568285172,35.705043280973705,35.42621954206342,-0.06616228196720897
35.496515556919455,36.12696591669352,35.49164836930814,1.6070357478599593,11.760854046351124,35.57165015692329,35.36005726009621,0.13645829682324262
35.36464415830178,35.993013698634385,35.35729261383373,1.2772495266261474,12.559201755761126,35.639102606094646,35.496515556919455,-0.13187139861767605
35.43116006610979,36.06069161051607,35.425456141658096,1.256207000836969,11.884885306653732,35.50739602352606,35.36464415830178,0.06651590780801087
35.30090103055005,35.92850549917846,35.292781540849674,1.278867674371662,11.567897135124229,35.59426554629393,35.43116006610979,-0.13025903555973883
35.38542664421449,36.01794918681248,35.37942080785481,1.3399577245143468,11.817125932152033,35.543332890856114,35.30090103055005,0.08452561366443945
35.32999152833338,35.97660804170896,35.32339910252601,1.6481148307560878,12.51011308949355,35.629759702666654,35.38542664421449,-0.055435115881110164
35.4145825039579,36.06468136244452,35.41001524159754,1.341292379618403,11.846283893422925,35.563316401638524,35.32999152833338,0.084590975624522
35.34524134755066,36.005043832283434,35.33966402508149,1.579742582510918,12.311137453194055,35.56393316269648,35.4145825039579,-0.06934115640724059
35.33824598934802,36.020355505499474,35.33319799324193,1.883567095268563,11.614198555707846,35.48325893811923,35.34524134755066,-0.006995358202644297
35.256684370944576,35.94280515572583,35.250287287687264,1.507805555302463,11.74592508460174,35.674803943184614,35.33824598934802,-0.08156161840344112
35.43961162682268,36.147241057794126,35.437559144937026,1.8216926380068648,11.881143958048858,35.652234879012546,35.256684370944576,0.18292725587810565
35.4123426874339,36.13424947640779,35.410112473195944,1.786853522641202,12.172231560403308,35.675309198792036,35.43961162682268,-0.027268939388783053
35.42768908820259,36.17193668153677,35.42630182663674,1.995775593689468,12.174026436194206,35.61749642998131,35.4123426874339,0.015346400768692092
35.368817390988355,36.11727942421682,35.36639247473874,1.6239856634156564,11.818171364157138,35.610501007616044,35.42768908820259,-0.05887169721423646
35.357114042633505,36.11955729967167,35.35483168054297,1.8535187940017408,12.272746188056546,35.65438166646994,35.368817390988355,-0.011703348354849652
35.39283909356242,36.178479437142464,35.39182646870493,2.0880923332041195,11.559926774903994,35.605362379566046,35.357114042633505,0.03572505092891731
35.34323767973469,36.13152302728901,35.34132643167443,1.662712805859598,11.524784510398844,35.63769954864036,35.39283909356242,-0.04960141382773031
35.36899095479514,36.17606077942592,35.36804691170002,2.03426160852025,11.667336387380969,35.6862946303336,35.34323767973469,0.025753275060445446
35.410246965556404,36.23805633024296,35.41058059520143,2.1124721668227515,12.023701999808564,35.672740884999996,35.36899095479514,0.04125601076126628
35.394539346855595,36.22900470924943,35.39467859889496,1.8297056665829567,11.991093037749144,35.702813349239,35.410246965556404,-0.015707618700808723
35.41936593845088,36.2687790029828,35.42029510628333,2.0301403564225957,11.882284289116251,35.700620196784506,35.394539346855595,0.024826591595285663
35.41472577468138,36.27146335287378,35.41567146279835,1.8837944685443844,11.617199903513969,35.69072671653043,35.41936593845088,-0.004640163769501271
35.40316471231659,36.26507071708164,35.40394472019304,1.8479935078249496,12.354881282173707,35.70059731579839,35.41472577468138,-0.011561062364791042
35.410028933873825,36.280673221988,35.41108979153334,1.93844697854134,12.340662123681538,35.823196702222674,35.40316471231659,0.00686422155723676
35.52135393591993,36.42301693717136,35.525219233576735,2.460563474806512,12.342970200836138,35.83815798109479,35.410028933873825,0.11132500204610807
35.533845292823855,36.44267942218583,35.53794922827467,1.974425877986452,12.452291282181283,35.880909875225505,35.52135393591993,0.012491356903922224
35.572208915970194,36.49335843543828,35.57716227426803,2.104319232077881,12.42924875089614,36.002150104137904,35.533845292823855,0.038363623146338455
35.683430482673046,36.63206009001027,35.6909597397304,2.471213773164463,12.388185142356946,36.12360642782961,35.572208915970194,0.11122156670285221
35.79545327052312,36.76992731124288,35.805438701722835,2.483594026783952,12.337312998472267,36.246427126406424,35.683430482673046,0.1120227878500728
35.90929413374809,36.908338866662966,35.921648378808214,2.501302239105182,11.711892292891156,36.410894925513816,35.79545327052312,0.11384086322497211
36.06216485658616,37.09280565239675,36.07771426755855,2.7053785542736493,12.108282386604014,36.45826713929046,35.90929413374809,0.1528707228380668
36.10742224795442,37.14400549066373,36.123373679253255,2.1794393629188646,11.928501436626888,36.6240252426507,36.06216485658616,0.0452573913682599
36.26224999040228,37.328571061680336,36.2812546758695,2.7312226127638253,12.052034904798532,36.79197441074647,36.10742224795442,0.15482774244786413
36.41971282037045,37.5145338379251,36.44167657394387,2.7569070417532693,11.739184625820528,36.97451931459394,36.26224999040228,0.15746282996816774
36.59124439403258,37.71595551867126,36.61635803107799,2.840147048592238,11.82567985350901,37.15947859659536,36.41971282037045,0.17153157366212923
36.76560114576533,37.919062271632605,36.79377237238816,2.8684370856031483,12.174389277716424,37.35018511823612,36.59124439403258,0.174356751732752
36.94583065431966,38.12767736661155,36.97704733377715,2.912361544761444,12.536031057891131,37.554877202908806,36.76560114576533,0.1802295085543264
37.13953356955051,38.351127455567095,37.17397058360881,2.9949129703570283,12.566383661377078,37.73042149827945,36.94583065431966,0.19370291523085115
37.30684583646507,38.54072140933684,37.343697249036445,2.8793553029262244,11.665209735213775,37.930492298954036,37.13953356955051,0.16731226691456413
37.49722964172368,38.7573085152284,37.53693873991003,3.009216052652354,11.600232531129222,38.06927956179302,37.30684583646507,0.19038380525860532
37.63141622407636,38.903952620854895,37.67246984044778,2.744647988585305,11.752990387070192,38.284706016920744,37.49722964172368,0.1341865823526831
37.83663714521612,39.13677582453973,37.880705081006376,3.111992588428542,11.647636106738688,38.50700152796094,37.63141622407636,0.20522092113976242
38.04869874894995,39.3765072393285,38.09579859560437,3.163957865258415,12.078605717281985,38.64648299367183,37.83663714521612,0.21206160373382943
38.18466703112447,39.5219894223185,38.232792527572514,2.801930436729738,12.097116991705237,38.78653168505068,38.04869874894995,0.13596828217451673
38.32124626761117,39.66798218802544,38.37036659951544,2.8176306464265557,12.294288294406048,38.94422577068836,38.18466703112447,0.13657923648670334
38.47422452686022,39.833757238703,38.52469554650186,2.912342330964921,11.87105303520148,39.19008343479647,38.32124626761117,0.1529782592490463
38.70887874674384,40.0987409576665,38.76263059997908,3.3347402809198528,12.30760381335265,39.369079814878354,38.47422452686022,0.23465421988362323
38.88223401906359,40.28739651623077,38.93760890934071,3.0486780151808635,12.035283194335031,39.599678797485915,38.70887874674384,0.17335527231974623
39.10350054095719,40.53394445706072,39.161591394439824,3.3040397616576542,12.449186413637603,39.808566549633305,38.88223401906359,0.22126652189360385
39.30509713499464,40.75531083206719,39.365291681838094,3.2252886326725845,11.60079112335128,39.98395464348679,39.10350054095719,0.20159659403744712
39.47599887581975,40.93841728479657,39.53744776984405,3.089997047917745,12.148978869513396,40.12850043480503,39.30509713499464,0.17090174082510856
39.61849662768307,41.08655436909954,39.68045030763246,2.963846806000914,12.396405316555631,40.350306773095106,39.47599887581975,0.14249775186332414
39.832407683052594,41.32192206648109,39.89659056975164,3.3345991654742626,11.536676779525797,40.519590817532574,39.61849662768307,0.21391105536952182
39.99806404075109,41.497516903131455,40.06319150871518,3.112571118454889,11.670944216874464,40.707525973767986,39.832407683052594,0.16565635769849507
40.18102637185725,41.69407171216331,40.24747983728341,3.214672773367888,12.43351608953931,40.94234816626875,39.99806404075109,0.182962331106161
40.407480632301365,41.943303276115365,40.47626059038952,3.4490694053756767,11.858850916948075,41.23602175116875,40.18102637185725,0.22645426044411465
40.688683814714366,42.25836757826982,40.76101386052208,3.743181710913732,12.483974202415853,41.16701133016656,40.407480632301365,0.2812031824130017
40.61307879708048,42.20647735679284,40.68147783662636,3.7338749169464793,11.594743124422502,41.06701487398862,40.688683814714366,-0.07560501763388316
40.50951951947764,42.118109855080775,40.57341524740744,3.584171635722612,11.829228134794384,40.99882773808914,40.61307879708048,-0.1035592776028409
40.435877591504514,42.0644611073994,40.4961445153635,3.7218832785218257,11.74578313347662,40.855276581512776,40.50951951947764,-0.07364192797312796
40.29314747716815,41.92447820141706,40.34820406595313,3.3670788358791257,12.417474229247444,41.18679084814827,40.435877591504514,-0.1427301143363664
40.611923917740654,42.27662739976299,40.67182122694116,3.910063878154468,12.519633942126,41.073271524273615,40.29314747716815,0.3187764405725062
40.497693601007725,42.16907696271391,40.55304400909922,3.5235704599071824,12.034668187110006,40.99954435937818,40.611923917740654,-0.11423031673292883
40.42055049591931,42.10566395468858,40.47241862752664,3.696915498488061,12.41380816674923,40.96001712499584,40.497693601007725,-0.07714310508841749
40.37546961420204,42.07983531307272,40.42474644771276,3.848139295128661,12.28369888319761,40.86768426908209,40.42055049591931,-0.04508088171726854
40.28211040918689,41.99325777937613,40.32768461868325,3.6003143664574053,12.508550371833374,41.18276784347964,40.37546961420204,-0.0933592050151475
40.58775831755427,42.32245177431511,40.63809343856955,3.835335845736644,12.163738537346992,41.10989172961609,40.28211040918689,0.30564790836737643
40.512930524501904,42.25680535211383,40.559939312232544,3.711167520817505,11.83151926036198,41.138022746070085,40.58775831755427,-0.0748277930523642
40.53181748674187,42.304353858379805,40.5778968930886,4.171340380888823,12.212840469064869,41.13119360326601,40.512930524501904,0.018886962239967886
40.51910537631412,42.31100088651426,40.56347454696966,4.012367559371596,11.599248454326531,41.07604556729023,40.53181748674187,-0.012712110427749224
40.46223112689853,42.2620588842888,40.50384669068335,3.788349739533479,12.203175748496712,41.06115654065496,40.51910537631412,-0.056874249415592715
40.44284755039743,42.257906625119965,40.48271544644748,3.969322454445328,11.60033729974918,41.11688410731424,40.46223112689853,-0.019383576501098787
40.489177088758,42.33253244776576,40.52894278541896,4.294426539370337,12.24211356931707,41.16048382819708,40.44284755039743,0.04632953836056686
40.52498075505707,42.39212309278223,40.56434763675193,4.243600504470403,12.090684152980357,41.229791319503086,40.489177088758,0.035803666299074166
40.58513637668661,42.47956025545548,40.62467732636715,4.366561949880903,12.453712010134565,41.24352612146499,40.52498075505707,0.06015562162954069
40.59455145806236,42.50304641341767,40.632980492914925,4.116146656670527,12.263954700072462,41.22363914881326,40.58513637668661,0.009415081375749423
40.57323052628881,42.48786808693339,40.60981883321759,3.962000991402945,12.219653400658546,41.308767049808345,40.59455145806236,-0.021320931773551877
40.64919162832612,42.590735764568485,40.68637375653044,4.445664806750939,12.266213540272297,41.330643139181014,40.57323052628881,0.07596110203731143
40.66728429186343,42.62105951571704,40.70358560996256,4.161228066894966,12.59790728082229,41.403762416845716,40.64919162832612,0.01809266353730976
40.73305493669694,42.70857774713965,40.76965456670055,4.4002041309685,11.859122082350044,41.49993809244517,40.66728429186343,0.06577064483350625
40.82063856072709,42.82115006472611,40.85802565188229,4.513671332776202,11.806920274059369,41.52352271243034,40.73305493669694,0.08758362403015241
40.841653930988784,42.85077614617547,40.878138060126766,4.187089556981276,11.704030116725471,41.643072855138946,40.82063856072709,0.021015370261693533
40.9516012742312,42.98824193716225,40.989375354023394,4.632989887792286,11.77002764133729,41.64917338543427,40.841653930988784,0.10994734324241762
40.957241393097846,42.99660695318612,40.99367181001883,4.119696655463237,11.52946613255241,41.74778313753932,40.9516012742312,0.005640118866644173
41.048478783306,43.10916743610346,41.085703193208495,4.5479745343417335,12.0389417637458,41.84778663786349,40.957241393097846,0.09123739020815691
41.14145810451868,43.22244276447921,41.17945904459258,4.563675619114212,12.573352089583487,41.90567219588038,41.048478783306,0.09297932121267394
41.195915973177,43.28740450402524,41.23369611043888,4.378336687747454,12.40560977549242,42.022113662552826,41.14145810451868,0.054457868658325026
41.30472632050168,43.41800735780805,41.34360730934874,4.654494480856271,11.6792960752921,42.14013115249074,41.195915973177,0.10881034732467754
41.41543929457514,43.54955810410288,41.45539605879421,4.672709398686841,11.93949333627704,42.227341452316956,41.30472632050168,0.11071297407345781
41.4980833456588,43.64557875888729,41.5383622524048,4.541352303923008,11.837542055732891,42.33350535443608,41.41543929457514,0.0826440510836619
41.59850450207745,43.762500866524405,41.63951069470635,4.637164575336296,12.26167330006966,42.42354353284855,41.4980833456588,0.10042115641865479
41.68432855791221,43.86064466189016,41.72565737874327,4.572571092936848,11.90816748830622,42.56025524357557,41.59850450207745,0.08582405583475605
41.81352960597715,44.0110232784435,41.85621284630604,4.796806485718131,12.009715259125873,42.726970776507834,41.68432855791221,0.12920104806494237
41.97087926920357,44.19450818232304,42.01552487799688,4.948351909483147,11.911469752142535,42.770702756223415,41.81352960597715,0.15734966322641952
42.01501387989794,44.23834400792082,42.05875038085148,4.395398089080287,12.29776630211871,42.90656883480068,41.97087926920357,0.04413461069437119
42.144273262184186,44.38621550909478,42.18921773312306,4.825465286618728,12.500088910154854,43.07172421180453,42.01501387989794,0.1292593822862429
42.30095185281652,44.56651622339325,42.347704559203805,4.973626054689016,12.554519833848914,43.188567410868664,42.144273262184186,0.1566785906323318
42.41339533141013,44.69152872168802,42.46077817950782,4.765756141192039,11.782850366900004,43.32279942394586,42.30095185281652,0.1124434785936117
42.54211206146227,44.83580116585589,42.59048504451941,4.85710984437393,11.870171397641316,43.461178293114294,42.41339533141013,0.12871673005214035
42.674918183773606,44.984290658213645,42.72432603735562,4.888872907263552,11.748759979675055,43.619314005104194,42.54211206146227,0.1328061223113366
42.82624628675725,45.154611485807465,42.877084242747856,4.993195085851577,12.049271648987308,43.711303541168895,42.674918183773606,0.15132810298364063
42.9167308994857,45.2497417808828,42.967437943138194,4.702211172412978,12.065310983955662,43.821593632883,42.82624628675725,0.09048461272845287
43.02414559663959,45.36549586184419,43.075139440165216,4.795445487578331,12.436397898606872,43.93972609145157,42.9167308994857,0.10741469715389229
43.13889878111969,45.4899377838898,43.190341709345205,4.842045455544021,12.536362334600916,44.09366669244826,43.02414559663959,0.11475318448010086
43.28687695862976,45.65456833790838,43.33955478080662,5.018676865385296,11.7770741661103,44.23157691471698,43.13889878111969,0.14797817751006903
43.42029345829264,45.80065145591574,43.47378582994257,4.959001056249495,12.271679657667564,44.322520998209484,43.28687695862976,0.1334164996628786
43.51045341911385,45.89344755758345,43.56366201793114,4.754793350173013,11.822342867958698,44.41464852729805,43.42029345829264,0.09015996082121092
43.601662198437175,45.98765674637927,43.65462663707769,4.768789824681055,11.730140169242514,44.576786921439094,43.51045341911385,0.09120877932332405
43.75757100022443,46.16090788009914,43.81188188399372,5.101110773985781,12.0176033910295,44.645068978350885,43.601662198437175,0.1559088017872554
43.826963700953065,46.22780317875488,43.8804400553447,4.682386915678152,11.983856931889,44.76884069244619,43.75757100022443,0.06939270072863479
43.94750777486201,46.35757381468009,44.00144048779648,4.94533279185984,11.874526383819772,44.87443527738901,43.826963700953065,0.12054407390894539
44.05133882608016,46.46667083517964,44.10529617090723,4.872899429595105,11.689045590631466,45.02778027347092,43.94750777486201,0.10383105121815106
44.19933190225251,46.62961900154642,44.25438991661384,5.103566062559853,12.56560040146765,45.17679288814187,44.05133882608016,0.14799307617234803
44.3435344375751,46.78730046619553,44.39954376065496,5.097917156908819,12.1699910696473,45.30092218980218,44.19933190225251,0.14420253532259153
44.46490847916683,46.91659477474522,44.52126331549449,4.996847048854099,12.556717902622202,45.37050198047785,44.3435344375751,0.1213740415917286
44.53590082968747,46.98425052419503,44.59135458755102,4.756283970962038,11.81721297745558,45.51014905402102,44.46490847916683,0.07099235052064046
44.67149947372765,47.13127217406144,44.72767551427398,5.086748333718901,12.580701089355912,45.61011324658279,44.53590082968747,0.1355986440401793
44.77054004677407,47.23329028505587,44.82650940791844,4.916375542571482,12.496476845856868,45.689858246613824,44.67149947372765,0.09904057304642322
44.85083737034597,47.3125835472079,44.9061538222876,4.832265598708705,11.994311331166267,45.78329594446799,44.77054004677407,0.080297323571898
44.94366448536972,47.4075556272007,44.99866772083355,4.903044694467207,12.437233204335088,45.849823984055995,44.85083737034597,0.09282711502375207
45.01154705968573,47.47228023460319,45.06564465787906,4.787390205933925,11.942088984545007,45.94506786097735,44.94366448536972,0.06788257431600897
45.10580807870683,47.56970523131847,45.15969027290674,4.926386483582324,12.18001343562107,46.052124726741546,45.01154705968573,0.09426101902109707
45.21095593327888,47.68051912927583,45.26489911766994,4.989930365469798,12.47724019913446,46.22347846008137,45.10580807870683,0.10514785457205278
45.37557495709184,47.863833717284834,45.43102670586744,5.297234392793007,12.517259698883604,46.273303340538234,45.21095593327888,0.16461902381296056
45.428115692018174,47.90953101284263,45.4822633167539,4.75143529432155,12.578607532327434,46.40618965655498,45.37557495709184,0.05254073492633182
45.55720618460845,48.04937794211629,45.61198484294022,5.140122500070747,12.473838149194671,46.11971070802957,45.428115692018174,0.12909049259027228
45.27349662076833,47.76523424450576,45.32040125881462,5.087955623509467,12.1539727642304,46.20877352205218,45.55720618460845,-0.28370956384011947
45.36248810959912,47.85452997972938,45.40930247682803,4.92313334385704,11.885040204215358,46.2618484236098,45.27349662076833,0.08899148883079278
45.41809822617419,47.90342904464299,45.46401800001222,4.765095206822225,11.716711077032931,46.425890370195354,45.36248810959912,0.055610116575067536
45.576063696241846,48.07796991775562,45.62363749658861,5.283104091108843,12.03578985717762,46.11064024850999,45.41809822617419,0.1579654700676585
45.26594011918888,47.76071476193574,45.30526586440536,4.956797862207941,11.546235453018394,46.250340939470824,45.576063696241846,-0.3101235770529627
45.401798864470905,47.90675163657016,45.44247231737143,5.156410274054359,12.233250774132312,46.35043083043945,45.26594011918888,0.1358587452820217
45.50113676569429,48.00794850772224,45.54220721790182,4.986374115354043,11.730019604915183,45.97671251227874,45.401798864470905,0.09933790122338593
45.137133874076135,47.62411874972467,45.16888491303541,4.679418044275879,11.705062761876771,46.040640270285785,45.50113676569429,-0.36400289161815635
45.20283814985103,47.684554792891056,45.23452786811527,4.79353627871722,12.53733588997573,46.169042311165875,45.137133874076135,0.06570427577489824
45.32793775022167,47.81815725429257,45.36103192898337,5.097610152534339,11.55373038912057,46.31323321890276,45.20283814985103,0.12509960037063905
45.46771255918552,47.969477717462624,45.50250938006015,5.182645869434289,11.643511358578625,46.39377167440539,45.32793775022167,0.13977480896384975
45.54876925864204,48.048785404158544,45.5837603604156,4.901878237373461,11.68050990717786,46.09704288699303,45.46771255918552,0.08105669945651783
45.2556802030787,47.75211029921792,45.2833381586825,5.039430033495825,11.814239763043044,46.13704872675788,45.54876925864204,-0.2930890555633425
45.29934022361655,47.78525127612279,45.3265546805343,4.6942251133832125,12.24756821121188,46.21228463136589,45.2556802030787,0.043660020537849675
45.375241058299686,47.85877541605852,45.40283741973945,4.860847090526738,11.861295575793916,46.34080154447935,45.29934022361655,0.07590083468313935
45.50025334663636,47.99272641323952,45.52942487356216,5.114232111737474,12.217852357176456,46.409620669538974,45.375241058299686,0.1250122883366771
45.57015323438106,48.05922098261844,45.5994877916174,4.850277466726805,12.231513399470211,46.12597475091453,45.50025334663636,0.0698998877446968
45.28881132244703,47.77776946328923,45.31134346700733,5.101398988944213,12.29232415951893,46.15420164059706,45.57015323438106,-0.28134191193402813
45.32130974508072,47.79795094325258,45.34334423345788,4.642477431328931,12.516241566064718,46.273076406315816,45.28881132244703,0.03249842263368663
45.43725840961896,47.92109638209067,45.4608744272378,5.064210177382117,12.293862693307483,46.27016004264896,45.32130974508072,0.11594866453824437
45.44064424555624,47.90680606623737,45.46302981615326,4.512271223401114,12.25964973447634,46.27188410129393,45.43725840961896,0.003385835937280035
45.44784244842664,47.8986405691962,45.46916928625895,4.533439256839478,12.39286605918718,46.258238871652416,45.44064424555624,0.007198202870398518
45.44040794679149,47.87392134160703,45.46038732655872,4.462531924589961,11.96862547023172,46.311114706813065,45.44784244842664,-0.0074345016351529125
45.49402823546436,47.92508418800593,45.51423169696888,4.768790898561921,11.9612845636951,46.32827560593188,45.44040794679149,0.053620288672874494
45.51449301293169,47.93622269867453,45.5341111061894,4.608621115628937,11.64470334310063,46.29910738696728,45.49402823546436,0.02046477746732478
45.49184307017363,47.895614808824185,45.50986428190402,4.396026618928582,11.916966448294668,46.385145507683795,45.51449301293169,-0.02264994275805776
45.57526558920357,47.98580125250937,45.59436968133845,4.92591972830201,12.48388338351111,46.39327062849469,45.49184307017363,0.0834225190299378
45.58672453836724,47.98797931897088,45.60510802814596,4.57376773840816,11.517714816401464,46.38621705034999,45.57526558920357,0.011458949163674959
45.5838843384693,47.97352344147374,45.60124337110694,4.504345976286681,11.688176479203856,46.3739210935637,45.58672453836724,-0.002840199897939044
45.57588729646625,47.953720083584265,45.59215590064059,4.479439313531216,11.54600006892914,46.34857010244745,45.5838843384693,-0.007997042003054844
45.55551033441586,47.91975115703424,45.57044881589224,4.417920640682915,11.9486050416728,46.38914095870961,45.57588729646625,-0.020376962050391967
45.59574798530384,47.96076567298482,45.61090921784017,4.720315205619623,12.431697147985478,46.44036128728832,45.55551033441586,0.04023765088798115
45.645804146564565,48.01385892054965,45.66142079475074,4.7733538360659225,11.83937586765778,45.98686883792925,45.59574798530384,0.050056161260727094
45.20403642074294,47.5468812435825,45.20968884946232,4.318936308149813,12.320656589242958,45.98781705569612,45.645804146564565,-0.44176772582162727
45.20745705837324,47.5431846506303,45.212809458084806,4.503222347941841,12.070017012921754,45.966970744675315,45.20403642074294,0.003420637630298984
45.19053087457296,47.515270464872096,45.1951108945809,4.402542027610228,11.675172815758277,45.97512153360179,45.20745705837324,-0.01692618380027966
45.20014388693277,47.520573938264384,45.20464677560824,4.534644190226423,11.902163462141376,45.969006940726565,45.19053087457296,0.009613012359814377
45.19643976220455,47.51002941510534,45.20055164486982,4.469450759919023,11.560159902366264,45.97669137512372,45.20014388693277,-0.003704124728223235
45.20531683757208,47.5153859129122,45.209371374886885,4.532670387768073,12.38901121448392,45.90649207296844,45.19643976220455,0.00887707536752913
45.14207265933987,47.4330845712369,45.14431898832856,4.173303885062096,12.03166961706336,45.842325992593175,45.20531683757208,-0.0632441782322104
45.08397255796014,47.35837066417142,45.084634755647976,4.194605567845633,11.53284987516609,45.753791732987594,45.14207265933987,-0.0581001013797291
45.00296467421018,47.256840739260326,45.001569785492286,4.075918026425115,11.653816183599048,45.67158025458648,45.08397255796014,-0.0810078837499546
44.92735076419923,47.16325014050524,44.92413985905496,4.096839310861257,11.714883194897142,45.60385952453214,45.00296467421018,-0.07561391001095075
44.86474539603875,47.086701228693656,44.86013194886401,4.156118297986896,12.561078257534946,45.52529150930952,44.92735076419923,-0.06260536816048301
44.791811893786736,46.99844477864384,44.78561785549798,4.099611445078301,12.02136181713272,45.43164289365578,44.86474539603875,-0.07293350225201323
44.70461132139622,46.89374628480879,44.69657107476232,4.022515038940399,11.843404389633378,45.39990675084312,44.791811893786736,-0.08720057239051471
44.67429577836883,46.85953162574162,44.665892848418935,4.299969920661393,12.291980433025236,45.3496681531418,44.70461132139622,-0.03031554302739181
44.6268045288608,46.804561614676985,44.6176383158876,4.211449745559428,12.428993257869395,45.31212251855163,44.67429577836883,-0.04749124950802752
44.59090769218536,46.76415977258036,44.58130009088916,4.265420560927246,12.494192067402626,45.24322453503024,44.6268045288608,-0.03589683667544108
44.5259437775369,46.68852210069889,44.515207726854925,4.11694598793679,11.543097728642984,45.16345314217913,44.59090769218536,-0.06496391464845885
44.45071854481883,46.600979791733735,44.438661089984826,4.060210381847111,11.55422269576983,45.06212288142489,44.5259437775369,-0.07522523271807557
44.355319809642936,46.48953311516089,44.341515719470834,3.9530520539109273,12.222444062383463,44.90106716402895,44.45071854481883,-0.09539873517589115
44.204380338196216,46.31125823976751,44.18756291412313,3.6674132931788894,12.006665804366191,44.83099534603152,44.355319809642936,-0.15093947144671915
44.13702068812923,46.23658289582512,44.11938245414022,4.07295199332757,12.453295063504063,44.768595521797614,44.204380338196216,-0.06735965006698308
44.07664165455135,46.17075256748638,44.05839234335512,4.101850680153894,12.242070145989375,44.671473358001656,44.13702068812923,-0.0603790335778811
43.98408418542989,46.06586871886595,43.96446716970911,3.935465728554384,12.045496396890266,44.51403262279371,44.07664165455135,-0.09255746912145923
43.83553454180281,45.89331224925958,43.813251077318725,3.647481747063946,12.541994082912897,44.381099789054225,43.98408418542989,-0.148549643627085
43.70918333847462,45.749206922650345,43.68490910603771,3.746019666793638,12.01056677971817,44.23352713763185,43.83553454180281,-0.12635120332819127
43.56897313734292,45.58913974490407,43.54246853064856,3.665864969771382,11.948531423430858,44.02286770819338,43.70918333847462,-0.14021020113169413
43.37006692538658,45.35852597169769,43.34001022749587,3.3603495931964997,12.125810798546068,43.89801699812265,43.56897313734292,-0.1989062119563414
43.24989680349702,45.22576699684602,43.2183871940249,3.737310178459743,11.573575387180371,43.76954948825152,43.37006692538658,-0.12017012188955789
43.12619222368221,45.08924370825518,43.09321253281716,3.708879761940748,12.079824728629308,43.62568866157682,43.24989680349702,-0.12370457981481309
42.98806206246921,44.93567376194863,42.95333016031263,3.625663267845947,11.846207571950902,43.49612041242258,43.12619222368221,-0.13813016121299881
42.86290319933628,44.798638176376926,42.826819861554526,3.678250720634311,12.491629326136982,43.3747650686264,42.98806206246921,-0.12515886313293123
42.74517414711415,44.67113694063622,42.70798411812885,3.704071561118891,11.68474884096176,43.22339575010803,42.86290319933628,-0.11772905222213126
42.59957536197838,44.509962444123474,42.56064944422224,3.5539272096803565,12.32219860344749,43.01804573310033,42.74517414711415,-0.14559878513576763
42.40382351224043,44.288292455635776,42.36202123142478,3.29015957929356,12.340720008205537,42.86010461985726,42.59957536197838,-0.19575184973795245
42.25145359321287,44.1208850116096,42.20797525474932,3.490085861746722,11.561389175216345,42.702234341750284,42.40382351224043,-0.15236991902755648
42.09893354128127,43.9539145567113,42.0538549272583,3.475601957823609,12.55152392054335,42.45394641136198,42.25145359321287,-0.152520051931603
41.86260750027333,43.68527254327016,41.813959190542455,3.042765047545437,11.83274065124003,42.2645295535309,42.09893354128127,-0.23632604100794197
41.68013999377564,43.48403578553771,41.62941288127934,3.291656713239169,12.018579242489354,42.022349851526684,41.86260750027333,-0.18246750649768728
41.44860549212542,43.2237424647416,41.394701597713045,3.029951911950221,12.187437581951922,41.85219158810683,41.68013999377564,-0.2315345016502235
41.28317956400799,43.04552767081883,41.22786752949366,3.34021721136378,12.430932828158,41.58618748026773,41.44860549212542,-0.16542592811742907
41.02898962866605,42.7594051862953,40.97016762584183,2.8811334690100328,12.285980025194531,41.32728461353336,41.28317956400799,-0.254189935341941
40.78082115863593,42.48222426447588,40.71880841748828,2.889015056953056,12.571160028000635,41.15965958634505,41.02898962866605,-0.24816847003011588
40.61658121796576,42.3088167057793,40.55358083529008,3.286742101928741,12.42177164574395,40.947352711038846,40.78082115863593,-0.16423994067017134
40.41098377369487,42.08504636001082,40.34602799941085,3.064447351660757,11.522460754551055,40.70266077657107,40.61658121796576,-0.2055974442708859
40.17520764621971,41.82512304684969,40.10765163664383,2.894811481362099,11.80958432527352,40.88122630626386,40.41098377369487,-0.2357761274751624
40.35245533319421,42.00012204169903,40.29110154389836,3.188767659431507,12.388807580281254,40.6576249443709,40.17520764621971,0.17724768697449633
40.13557931478593,41.765312041273376,40.071983477053394,2.9860987704275144,12.250817914070634,40.8033170637031,40.35245533319421,-0.21687601840827853
40.281970701784495,41.904282384891175,40.223698104433616,3.0325415938226734,11.861282985495402,40.890912253008196,40.13557931478593,0.14639138699856602
40.3742936735366,41.9786046599079,40.31983842558009,2.7775807606282963,12.182630169947904,40.98098383185736,40.281970701784495,0.09232297175210391
40.46833807644987,42.05698477834191,40.41762864078029,2.797220283282868,12.230980051324757,40.63294015830643,40.3742936735366,0.09404440291326921
40.13475390201832,41.6854249261689,40.07864164673207,2.420048265298023,11.962666211395677,40.66871280888572,40.46833807644987,-0.3335841744315502
40.17746437204768,41.70469210407842,40.12398195053107,2.5219606379335877,12.473666911638984,40.70424904682127,40.13475390201832,0.04271047002936257
40.2192993109539,41.72508380911129,40.16836402039861,2.524198358532811,11.66241885977464,40.77189372958722,40.17746437204768,0.04183493890622003
40.29022046470079,41.78298021026998,40.24248051379089,2.675957250014104,12.165347170315348,40.79078575074028,40.2192993109539,0.07092115374688746
40.31564763641997,41.78681562398018,40.26989399182067,2.456881930509072,12.558298548965151,40.76370193387793,40.29022046470079,0.025427171719179853
40.29797213672708,41.74002092105349,40.25311274385322,2.2460704664215254,11.98281188176381,40.83174915119608,40.31564763641997,-0.017675499692884955
40.36752010287717,41.80203204256262,40.32569530814845,2.683332165990544,12.555382857371246,40.87529163563536,40.29797213672708,0.06954796615008974
40.41414110778213,41.83704425013003,40.37468954899391,2.576405840843949,11.692450321538502,40.891531399716854,40.36752010287717,0.046621004904956465
40.43516523773185,41.84203735796683,40.39739160345189,2.4542444462920443,11.697373439677882,40.85693075295283,40.41414110778213,0.021024129949722692
40.40873909593916,41.79060539514534,40.37144776777397,2.220698602786252,11.931488928373716,40.78453637831803,40.43516523773185,-0.026426141792690316
40.34674199788348,41.69778129620454,40.30908584086608,2.04270178939488,11.568194303517712,40.737678363406985,40.40873909593916,-0.06199709805568432
40.30761927390312,41.63519811674071,40.27021769957714,2.153956650054425,11.91430423079938,40.77130959007979,40.34674199788348,-0.039122723980355545
40.34235373259452,41.66453997915496,40.307035058489866,2.5216763365635693,12.095787325856469,40.75201383671649,40.30761927390312,0.03473445869139624
40.327974682007046,41.63459693417545,40.293469893966986,2.280121495666033,12.107472646983984,40.719141788081345,40.34235373259452,-0.014379050587471909
40.30065401196394,41.590131250507945,40.26664010177213,2.2155318927683423,11.561431089074542,40.65000308344269,40.327974682007046,-0.027320670043103235
40.23938319297552,41.50558710114839,40.20503895620418,2.0447635823998493,11.81122013160074,40.581240346060724,40.30065401196394,-0.0612708189884259
40.17792045972384,41.422512086331295,40.14328849212702,2.040004262221881,12.077927876864376,40.463229980632725,40.23938319297552,-0.061462733251673285
40.0704247169804,41.28484062603623,40.03442459888155,1.8058541695944184,12.106364600523186,40.369787085530255,40.17792045972384,-0.10749574274344553
39.98497580026868,41.17614370779319,39.94824174852892,1.9083562972338608,11.943358214533074,40.260589096233964,40.0704247169804,-0.08544891671171939
39.88444769329932,41.05064653522479,39.846673060177785,1.826740254427637,12.450593388583297,40.244515206359615,39.98497580026868,-0.10052810696935666
39.86948940139798,41.03121901449418,39.832837203186685,2.247033425630653,12.164551945187236,40.17825288513696,39.88444769329932,-0.014958291901344012
39.808030928256414,40.95539930340275,39.77132842375174,2.013483613122344,12.586928609966526,40.05082199646261,39.86948940139798,-0.061458473141563275
39.689709426926086,40.81116620189039,39.65159036057135,1.724458748659356,11.548571107758251,39.926912701423134,39.808030928256414,-0.11832150133032826
39.57410018737428,40.67191701692079,39.53472089997434,1.7287790674371328,12.23273062616503,39.82361827748178,39.689709426926086,-0.11560923955180868
39.47706637876065,40.55682797173175,39.43696048195292,1.8124592927146248,12.593824216123368,39.6677297409481,39.57410018737428,-0.09703380861363087
39.33104118374214,40.38308340757848,39.28906463152366,1.5596045034863948,11.80353428405992,39.575182602053104,39.47706637876065,-0.14602519501850963
39.24302619563962,40.28181820898176,39.20070340153794,1.8378249554779948,11.64254807688965,39.42813917829063,39.33104118374214,-0.08801498810251474
39.1043787892696,40.11953549299012,39.06050325261216,1.5771863863796574,11.618434751147868,39.370226318258496,39.24302619563962,-0.13864740637001916
39.04768856004376,40.058640254646,39.00435014008573,1.9754710624256773,12.219759396502392,39.29017803273118,39.1043787892696,-0.056690229225843325
38.97049384985248,39.97286675170706,38.92717349663399,1.867700135587743,12.043692500893064,39.12196743080681,39.04768856004376,-0.07719471019127866
38.81164870456439,39.78789191903484,38.7663616688212,1.45258636835933,11.83475321209658,38.98412313736832,38.97049384985248,-0.15884514528809035
38.68038020674821,39.63808077578697,38.63390842956978,1.5771980599284574,12.052020342000896,38.89571199980628,38.81164870456439,-0.13126849781617977
38.59448930981592,39.54463911901375,38.54800757058917,1.7928134791095114,12.272860529760148,38.72496385249428,38.68038020674821,-0.08589089693229113
38.43237238072061,39.358492203999575,38.38402697276264,1.40384930458525,12.070759462207173,38.61221539687515,38.59448930981592,-0.16211692909531195
38.32344405199784,39.238568159166086,38.27463397946152,1.6559836121303066,12.319826421969776,38.49828473909515,38.43237238072061,-0.1089283287227687
38.21326637076504,39.11759853781721,38.1639893087032,1.6399435883189732,11.933256095352906,38.400522791851905,38.32344405199784,-0.11017768123279836
38.11789014746771,39.01514316760391,38.06853506048408,1.7040123038846406,11.713947758288874,38.2902179305238,38.21326637076504,-0.09537622329732898
38.01084838420622,38.89866742158365,37.961137985781534,1.636854896425706,11.958896488228625,38.1123268086285,38.11789014746771,-0.10704176326149195
37.84119494573375,38.70616261307586,37.78962286707589,1.3140357423205042,11.824341101335008,37.92293704457152,38.01084838420622,-0.16965343847247283
37.660507684436325,38.50140020844605,37.60690324083219,1.2441864213520573,12.16994032159162,37.78897558135288,37.84119494573375,-0.18068726129742174
37.530652476494666,38.35991182460607,37.47636244295789,1.4826854763343569,12.391305521004597,37.58865204903435,37.660507684436325,-0.1298552079416595
37.3392861829517,38.14382397047754,37.282845993673824,1.163307845123495,12.018648302786858,37.4662166217949,37.530652476494666,-0.19136629354296275
37.21951550134048,38.01635090570593,37.16278345833828,1.5046214314864672,12.259550426946484,37.294849244482855,37.3392861829517,-0.11977068161122162
37.05444434926971,37.8337733473582,36.996330036820645,1.2669122493436362,11.800508869439753,37.12328651784676,37.21951550134048,-0.16507115207077305
36.8889294790869,37.65143706104384,36.82949301340951,1.2499371842040898,11.688673395001544,36.98388994657079,37.05444434926971,-0.16551487018281108
36.752913620620696,37.50581406543348,36.69294215365819,1.3825628973819464,11.8228382294596,36.79500834074912,36.8889294790869,-0.13601585846620168
36.57105452936251,37.30451456187746,36.50945593100739,1.1407058612898917,12.588369713439324,36.59575400496839,36.752913620620696,-0.18185909125818256
36.37930955748362,37.09202729960431,36.31592515781724,1.0750345902903202,11.657165996928336,36.408488294813,36.57105452936251,-0.19174497187889017
36.19833267684336,36.893616765121656,36.13351544247398,1.111774778334964,12.062027850442092,36.26635790062111,36.37930955748362,-0.18097688064026585
36.058849611559445,36.74654054807989,35.993683542224005,1.3028895324369312,12.274273095326574,36.15550035057291,36.19833267684336,-0.13948306528391186
35.94825638875163,36.63478285464617,35.88346180832093,1.4341497534648229,11.867144809447076,35.92397008493071,36.058849611559445,-0.11059322280781458
35.72619127064927,36.386692321372536,35.65902666277032,0.8658474017738956,12.260344708450091,35.821585690977,35.94825638875163,-0.22206511810236407
35.623121137948665,36.28502614414207,35.55660979084027,1.4412183584895837,12.02968368060528,35.601430296823175,35.72619127064927,-0.10307013270060139
35.411322309759484,36.05019381084064,35.34277476986939,0.8871274722296072,12.426366885268465,35.44031606514003,35.623121137948665,-0.21179882818918117
35.253762849877084,35.88258040213453,35.18460494340847,1.1394477814558366,12.025461167714022,35.47746441421433,35.411322309759484,-0.15755945988239972
35.29203534639603,35.914084066768154,35.226273829478835,1.1038570123566829,11.800257576917748,35.543009607713635,35.253762849877084,0.03827249651894249
35.35635919207304,35.97815997703009,35.294509654037775,1.2386178909874443,11.628851936343883,35.56598405372255,35.29203534639603,0.06432384567701632
35.38125533090694,35.99449044647865,35.32220638378206,1.0479365348811245,11.718100709319309,35.64790596402699,35.35635919207304,0.02489613883389552
35.460417836917834,36.07790099648505,35.40539905867808,1.322614551587996,12.091023064100057,35.51500638126574,35.38125533090694,0.07916250601089558
35.32840277588956,35.94371533240978,35.27290103549789,1.2742181625936848,11.58056729792195,35.52491287703278,35.460417836917834,-0.13201506102827665
35.34111753045325,35.94574465452552,35.28787644611957,0.9848827947554264,12.418058152616048,35.578773518476986,35.32840277588956,0.012714754563695863
35.39419085419445,35.998005079502846,35.344124621733656,1.1890156593440682,11.59137638846768,35.58421110356103,35.34111753045325,0.05307332374119511
35.402419790588,35.99589942574463,35.35431409435047,0.9701823448563472,11.96342378911651,35.58163167129183,35.39419085419445,0.008228936393550157
35.40296420371238,35.98535888564082,35.35657192452228,0.9336160811650456,12.092696068176036,35.659845139677344,35.402419790588,0.0005444131243805828
35.477932333067855,36.06658286140356,35.43502022456062,1.306897598955778,11.655725241723268,35.491103510485594,35.40296420371238,0.07496812935547581
35.31206488406246,35.8938314163989,35.26741423099542,1.1095909354462432,12.102131334244186,35.478155395234275,35.477932333067855,-0.16586744900539685
35.30284685706503,35.87207228122069,35.25954704741711,0.8769397001854581,12.371096669867775,35.485747666298806,35.31206488406246,-0.009218026997430684
35.31231047316949,35.874148348474364,35.270784177252565,0.97068022381326,11.707178392545517,35.444709065167444,35.30284685706503,0.009463616104461892
35.27661028935477,35.82181845866914,35.23569844747842,0.746546340712876,12.013737578031698,35.455874700776384,35.31231047316949,-0.0357001838147184
35.2887912475265,35.829169945736126,35.24966290906654,0.984045002862656,12.008887400434118,35.513419485078174,35.27661028935477,0.01218095817172582
35.34372553924276,35.88917056920126,35.3073623467905,1.199512713513,12.394858031091823,35.567400082860146,35.2887912475265,0.05493429171626474
35.39544555056707,35.945099238808325,35.36165545920504,1.1884281075499588,11.80506422256896,35.59760067928582,35.34372553924276,0.05172001132430637
35.42523855193821,35.974181771043874,35.39338171487537,1.0835441930882632,12.577572570374418,35.6157826488541,35.39544555056707,0.029793001371139383
35.44387373761799,35.989869284634835,35.41360492430949,1.0308054616821836,11.619374438424444,35.6833473578322,35.42523855193821,0.018635185679784172
35.50807998586493,36.06150740023099,35.48045468740069,1.2608190602948075,12.277073705819229,35.44074385863919,35.44387373761799,0.06420624824693988
35.27303891235107,35.807749201711495,35.241443461855,0.7702598895805597,12.013615897057242,35.433158457573434,35.50807998586493,-0.2350410735138624
35.26766488473519,35.794737470353326,35.23707301763179,0.8969627242196511,12.210241412778124,35.48920594625029,35.27303891235107,-0.005374027615879129
35.32094141409081,35.85391956117213,35.292756863487924,1.1904418766898,11.81954961294911,35.46147650026285,35.26766488473519,0.053276529355620994
35.2968554109834,35.81848454767056,35.269089542134594,0.8083663111638977,12.530954699070517,35.4645355747611,35.32094141409081,-0.02408600310741349
35.300971742761185,35.81832172922469,35.27431325229742,0.9481042863185573,12.150512744414682,35.46428780522787,35.2968554109834,0.004116331777787252
35.30191884149036,35.814690507973125,35.27625406622012,0.9330976692756734,11.55429467424178,35.445965839317275,35.300971742761185,0.0009470987291777533
35.286037174674895,35.790936434334256,35.26092390894268,0.8495063834234098,11.67080592645554,35.45937351688491,35.30191884149036,-0.0158816668154671
35.29931036835924,35.80336007620182,35.275450106093665,0.9944797599232644,12.191455265699588,35.48453431904138,35.286037174674895,0.013273193684341322
35.32341976855467,35.8291534052096,35.30102978335988,1.050073067028848,12.28771296851072,35.50523254365989,35.29931036835924,0.02410940019543517
35.343425789846314,35.84992500507671,35.32234683605665,1.0317987196481864,12.474915643751554,35.56859966824536,35.32341976855467,0.02000602129164264
35.402889450862375,35.918876861520545,35.38403269235317,1.231010962541894,11.613638456090802,35.62464756306537,35.343425789846314,0.0594636610160606
35.4557744540614,35.97928804556133,35.43888018957338,1.2031152200155346,12.200093645861994,35.663346552873655,35.402889450862375,0.05288500319902312
35.49276154769598,36.01992237063601,35.47735574028898,1.128161554429037,11.83892465567001,35.50283904609944,35.4557744540614,0.03698709363457908
35.3330316124374,35.86043327053623,35.31505225532469,1.147910396182715,12.35417197358376,35.4908963849364,35.49276154769598,-0.15972993525857504
35.3234423590157,35.843405181388945,35.30584161440455,0.8826167283253394,12.035712887320628,35.478079129358555,35.3330316124374,-0.009589253421701471
35.312862291350875,35.82576237630235,35.29561272042244,0.8774476153401249,11.976909815265468,35.5776423828274,35.3234423590157,-0.010580067664825776
35.4060260411802,35.935245001705034,35.39165610559696,1.3958149697865632,12.26549982877839,35.562856381092196,35.312862291350875,0.09316374982932274
35.3937856387473,35.91519402350588,35.37958948102341,0.8764786959010719,11.947722750946316,35.57459811250104,35.4060260411802,-0.01224040243289437
35.40588481718868,35.925447936285146,35.39246158402933,0.9977336176057632,12.408119798620842,35.664119533771974,35.3937856387473,0.012099178441374647
35.48984528027365,36.02359147385028,35.47892184719198,1.35843448523409,11.56331534765435,35.46596489351245,35.40588481718868,0.08396046308497063
35.29550881900352,35.82140722329974,35.280978638234096,0.9739276023190232,11.722042612172618,35.48202798264254,35.48984528027365,-0.19433646127012594
35.31184397346837,35.8360520774466,35.29818789701267,1.008636813795011,12.449257285999368,35.58698422931833,35.29550881900352,0.01633515446484779
35.410316081675106,35.951128823089405,35.39950778319049,1.4211241279826774,12.255027528183284,35.674468270089086,35.31184397346837,0.09847210820673524
35.49296403683881,36.04595615646733,35.48448461696113,1.3501901098446054,11.547229822367726,35.608224611591204,35.410316081675106,0.08264795516370782
35.42112082990262,35.99165837370618,35.41189463116482,1.584781157040051,12.147666311085766,35.7223969374191,35.49296403683881,-0.07184320693619384
35.52922760704338,36.11512344748327,35.52283975773064,1.4755922143137243,11.85502284633492,35.61141862484977,35.42112082990262,0.10810677714076178
35.41685557135655,36.008803466790305,35.40859683640246,1.3824729982261976,12.176624338972076,35.483968569306896,35.52922760704338,-0.11237203568683185
35.28954244323298,35.88326007484946,35.27910318983824,1.2959251269744507,12.43085514494912,35.555390169982395,35.41685557135655,-0.12731312812356776
35.358889190295145,35.95694020991455,35.35034110973749,1.266316216472457,11.956642571513049,35.71388515356016,35.28954244323298,0.0693467470621627
35.5087887562608,36.12884598989464,35.50402071452505,1.675581646895829,11.91983372133689,35.62528423967196,35.358889190295145,0.14989956596565435
35.41804607668047,36.04599490737172,35.411811734963685,1.4851597543610378,12.08713762143719,35.55983462194588,35.5087887562608,-0.09074267958033033
35.34902437206479,35.98858822343491,35.34189127033794,1.5839012015205107,11.622024823339798,35.65533673658336,35.41804607668047,-0.06902170461567891
35.441793557882185,36.087296702070766,35.43691994979713,1.3847919811564529,11.614380531393564,35.61354353413602,35.34902437206479,0.0927691858173958
35.395088176800144,36.05576357510866,35.38977885049925,1.6961021359591433,11.81236038211668,35.51556284435927,35.441793557882185,-0.0467053810820417
35.29688468038786,35.95993274220895,35.28987111048101,1.4324237957877706,12.46150652209162,35.66256908979619,35.395088176800144,-0.09820349641228177
35.43796467631359,36.11540156736879,35.43434102570621,1.6187836414853325,12.027188565523598,35.65241904791599,35.29688468038786,0.14107999592572895
35.42137447404313,36.11793620744329,35.41794646226153,1.8431017671735208,12.33905379407997,35.624247836150765,35.43796467631359,-0.01659020227046426
35.388647737862954,36.099115341358406,35.38498042923093,1.758847593163428,12.573895583320642,35.583375073799495,35.42137447404313,-0.03272673618017308
35.344583200566085,36.06515857194142,35.340383448891,1.6974953269523887,11.859783367652527,35.58284734361215,35.388647737862954,-0.04406453729686888
35.33814364091446,36.07606831573967,35.33433007418234,1.8802029846609405,11.501034266234988,35.58374277933674,35.344583200566085,-0.006439559651624904
35.33348864194698,36.08767984754304,35.33005984852021,1.886746901771512,12.343353584207126,35.53917284876647,35.33814364091446,-0.004654998967481561
35.28723092797039,36.04715875392078,35.28312886440825,1.676641173752154,12.253284897432115,35.49182059931963,35.33348864194698,-0.046257713976586956
35.23860608675321,36.00306939269663,35.23378631850907,1.659606104116098,12.166896291962182,35.433043768401724,35.28723092797039,-0.048624841217183246
35.17959386354028,35.94571759165974,35.17381985000517,1.602353162016331,11.933831111024633,35.64047411913302,35.23860608675321,-0.05901222321292465
35.379423298748826,36.16375800463559,35.37824105401464,1.8904941895848344,11.913765784417931,35.65804737223155,35.17959386354028,0.19982943520854235
35.39137938857754,36.19195436723245,35.39080836088466,1.9692893084297969,12.143800746486558,35.64908814565814,35.379423298748826,0.011956089828714767
35.379219224726825,36.18942476612802,35.37862044611958,1.8482796217386956,11.696028685398796,35.62114506470389,35.39137938857754,-0.012160163850715833
35.349774710310264,36.16495009438888,35.348710389412524,1.7596787962497582,11.62345110128173,35.68870723222327,35.379219224726825,-0.029444514416560708
35.40880651525365,36.2478719765805,35.409443204835654,2.198618957340108,12.177360115294,35.67463095059085,35.349774710310264,0.059031804943387556
35.39291662262722,36.23765276867745,35.39332346046788,1.827524642260512,12.225339958626718,35.68580151453465,35.40880651525365,-0.01588989262643281
35.40054008429236,36.25557535888802,35.4012891004236,1.9429353559833875,12.332116112675088,35.73424166081979,35.39291662262722,0.007623461665140496
35.442890083785336,36.315036535863214,35.44479836281083,2.116300478434544,11.686715691107208,35.71900685422775,35.40054008429236,0.04234999949297702
35.42676737973064,36.3019162608576,35.428336922095006,1.8264608428972824,11.6829246044798,35.72236237540512,35.442890083785336,-0.016122704054694736
35.42793211644255,36.30956319399767,35.42959181577514,1.9109855334199084,11.878865754074234,35.81319577979764,35.42676737973064,0.0011647367119067553
35.51015531055373,36.4155634027511,35.51386862608808,2.315746074444643,11.722825004728051,35.923433575476125,35.42793211644255,0.08222319411117951
35.610858090633975,36.54248140225732,35.61696123353708,2.413988622236876,11.637556027998064,35.98188684312522,35.51015531055373,0.10070278008024758
35.664257365963245,36.60993765520327,35.671465508209145,2.1849198545474,12.216321351440603,36.11247758301883,35.610858090633975,0.05339927532926936
35.78467076024194,36.75820604423589,35.794555944578654,2.523924679065802,12.170415679518214,36.20237299730701,35.664257365963245,0.12041339427869246
35.86805475694653,36.8594939430877,35.879570291886814,2.348033531147757,11.646040251471634,36.30035069705081,35.78467076024194,0.0833839967045904
35.959290008387924,36.96922258793693,35.97253949482758,2.39383781428751,11.984706336418014,36.439171213095584,35.86805475694653,0.09123525144139677
36.08867552134873,37.12434072682935,36.10449739110865,2.5918633076879307,11.600120640055088,36.595742315505845,35.959290008387924,0.12938551296080902
36.23500686599076,37.29854022951284,36.25367985101395,2.686957754796941,11.92443349517419,36.76522115574215,36.08867552134873,0.14633134464202868
36.39384277456821,37.4862967226059,36.415523970052334,2.7613268931341106,11.986787118245704,36.827563319736065,36.23500686599076,0.15883590857745133
36.45419477159721,37.55216902235406,36.47632616525692,2.2818988677980143,11.926319158589465,36.99832084795231,36.39384277456821,0.060351997028995186
36.61486783259499,37.74021972666736,36.63987498459458,2.788987357072953,12.474750180858008,37.11945759942787,36.45419477159721,0.16067306099778023
36.730196363026806,37.87135058906247,36.75682584619432,2.575594246011341,12.239184248831087,37.24187680885512,36.61486783259499,0.11532853043181746
36.84699283050228,38.003438699511015,36.875198896552064,2.5928865510765013,11.792730059339938,37.44873683997883,36.730196363026806,0.11679646747547423
37.04213568698543,38.23032362406672,37.073751208884325,2.994768978565061,11.84684837551033,37.64330736493384,36.84699283050228,0.19514285648315166
37.22652826124892,38.44227563113928,37.261118202413314,2.9573576463078988,11.957385503034152,37.768925001777625,37.04213568698543,0.18439257426349087
37.34767604596242,38.57555106128724,37.3835478980832,2.656817012703353,12.31539903905545,37.89610772756992,37.22652826124892,0.12114778471350007
37.47044669037247,38.71029788740648,37.50757860493079,2.675833325113994,12.556869960751335,38.06365253329975,37.34767604596242,0.12277064441004626
37.63070844317114,38.89029415032266,37.66995500640546,2.874368313327223,12.501097800953096,38.20086845445555,37.47044669037247,0.16026175279866806
37.7632583781506,39.03550763663425,37.80383934858178,2.749861948499272,11.692388144027138,38.36839598926048,37.63070844317114,0.13254993497946543
37.92401235846107,39.21462320782162,37.966552401498745,2.9028708135190207,12.09383661010424,38.513798019732185,37.7632583781506,0.16075398031046717
38.06460212649503,39.36827826377135,38.108513668930186,2.816288991079818,11.601383191480435,38.648759413017665,37.92401235846107,0.14058976803396206
38.195714270760185,39.50986292359832,38.24070104469448,2.781653320247667,11.594714858441296,38.78486621278798,38.06460212649503,0.1311121442651526
38.328003717940106,39.65255015488115,38.374044765542685,2.7996037976918204,12.406121725151102,39.02529100133156,38.195714270760185,0.13228944717992164
38.55686749975235,39.91273490381285,38.60627060042946,3.294664637161132,11.903205571652476,39.19247177452755,38.328003717940106,0.22886378181224387
38.718564368246426,40.08932775344709,38.769523201889136,2.9785843520395665,11.595488884588937,39.42857946433105,38.55686749975235,0.16169686849407583
38.94419534062081,40.34334684953283,38.99819620283952,3.312934960176493,12.49151730153221,39.64175621664657,38.718564368246426,0.22563097237438257
39.14910708335903,40.5706672475317,39.205494319048974,3.229063096861981,11.596682512972558,39.796431114731924,38.94419534062081,0.20491174273821855
39.30027241502029,40.73140207141517,39.3576188577603,2.9785813502249283,12.063038771830376,40.04233451631564,39.14910708335903,0.1511653316612609
39.53586243861032,40.99495502757271,39.59618608276388,3.41486439381267,12.33658787238278,40.29399992969812,39.30027241502029,0.235590023590035
39.77724060340061,41.264222533781535,39.8405366519122,3.464567808916248,11.789076488032128,40.49926256240119,39.53586243861032,0.24137816479028373
39.97616242894407,41.4803755621764,40.0412496960831,3.2736349950192984,12.367587055546112,40.7372375902383,39.77724060340061,0.19892182554346505
40.20554814972219,41.73307863339274,40.273085987599984,3.4441235334617617,12.15881109534016,41.02108919873911,39.97616242894407,0.2293857207781187
40.47769669568288,42.0369602481929,40.548610652341566,3.678544496408602,12.312764026834389,40.859413788134425,40.20554814972219,0.2721485459606896
40.31638871281921,41.88051543660429,40.38133721497977,3.2853033999989294,12.12421692353086,41.12490405093385,40.47769669568288,-0.16130798286366854
40.57237049397635,42.16199108971254,40.640350569112655,3.6051351046891194,12.309958066488395,40.99208446082813,40.31638871281921,0.2559817811571392
40.43840953360857,42.03667967150064,40.50116417737518,3.428470187985102,12.55324019330956,40.87564639573053,40.57237049397635,-0.13396096036778005
40.31996139843488,41.928926986015576,40.37805080274113,3.4917732637032293,12.238819044044456,41.149516341531566,40.43840953360857,-0.11844813517369346
40.58482982364935,42.21735498910031,40.64636421184504,3.6454417071577367,11.573764175370195,41.07232301194431,40.31996139843488,0.2648684252144733
40.503383249781216,42.152428062141816,40.56115772390991,3.68799759647917,11.891614273720169,41.00701823694807,40.58482982364935,-0.08144657386813492
40.43344563745479,42.09975343334698,40.48785564004244,3.735745782109935,12.012724591268118,40.93258324038953,40.503383249781216,-0.06993761232642726
40.35558909699317,42.035620581730434,40.40654004244498,3.687431081848154,12.218989866851691,40.91026229998324,40.43344563745479,-0.07785654046161739
40.32636030627948,42.029280187638825,40.3751464060314,3.9214118076571935,12.405874619108682,40.8126453583399,40.35558909699317,-0.029228790713688113
40.22813567553432,41.9366820313157,40.2731183681697,3.571220888766204,11.822503620966604,41.118369227425795,40.32636030627948,-0.09822463074516463
40.5251245567575,42.25530276907719,40.57468035644269,3.786903338091197,11.660059254041805,41.121008100376876,40.22813567553432,0.2969888812231787
40.520078037699136,42.274902660211865,40.568043603219614,4.054262039151959,11.93680139736009,41.09052102966813,40.5251245567575,-0.005046519058360843
40.48504856174704,42.25580105472045,40.53071347253688,3.901377961758176,12.062617225976222,41.12694554505942,40.520078037699136,-0.03502947595209349
40.51234102071986,42.31120813772031,40.5572874767381,4.207891901741444,12.071371317832028,41.05778144182114,40.48504856174704,0.02729245897281629
40.44270263582379,42.24609276352231,40.48454892611733,3.7231554658915913,11.619017094906466,41.11013432875459,40.51234102071986,-0.06963838489606644
40.48561568214272,42.31756964565389,40.52721765846715,4.278496482407178,11.767208954739026,41.17616454868017,40.44270263582379,0.04291304631892956
40.54187463976916,42.40309594327825,40.583523062993095,4.3466609599953046,11.951611974912987,41.20200150243232,40.48561568214272,0.056258957626440065
40.56167052286188,42.44190479818017,40.6024291862549,4.167044749089639,11.894561073820972,41.19751556246427,40.54187463976916,0.01979588309271918
40.553899565789486,42.445546406784416,40.59310071481888,4.02928883939239,12.00609983008696,41.20843486380195,40.56167052286188,-0.00777095707239539
40.56067512911154,42.46591388063749,40.59871558165681,4.100103089089729,11.96487670906074,41.27078878579314,40.553899565789486,0.0067755633220514255
40.61535416392457,42.54358575754857,40.653426435906255,4.338938811823736,11.741652815827964,41.3061471916713,40.56067512911154,0.05467903481303438
40.645609888286,42.58974914950044,40.683082537227456,4.219990878837216,12.41918239598542,41.36352098756847,40.61535416392457,0.030255724361431646
40.69660101612703,42.659982520056445,40.73397942652194,4.32510270191228,12.349103411474855,41.3532327575654,40.645609888286,0.05099112784102999
40.68547055192576,42.65301327967323,40.72121444109721,4.017669630213409,11.636367322205164,41.45383233252334,40.69660101612703,-0.011130464201272616
40.77698875133493,42.77084865381277,40.81365959242232,4.529383779463711,12.218289590781076,41.529328821272934,40.68547055192576,0.0915181994091725
40.845880385249664,42.85925358720769,40.88285249136145,4.422771054459348,12.534356653776683,41.60132980477241,40.77698875133493,0.06889163391473119
40.911970333391125,42.94288293863904,40.94913614228707,4.41370045903648,12.375592214631151,41.66296161493972,40.845880385249664,0.0660899481414603
40.96885346537661,43.01407489833198,41.005956481110566,4.372521432741714,11.742192579884524,41.703309834282706,40.911970333391125,0.05688313198548656
41.00636225818089,43.06065449936114,41.04291274530608,4.279907167263567,11.686961280391907,41.79516616458653,40.96885346537661,0.037508792804281654
41.09168810631,43.164947944594736,41.128862442854846,4.521836242345574,12.315614372722925,41.869689075712905,41.00636225818089,0.08532584812910926
41.16138363270807,43.248932899540605,41.198750694890045,4.450320458792891,12.326291273186108,41.90575578749425,41.09168810631,0.0696955263980712
41.19581073963803,43.2889727073557,41.23248391548903,4.279518971237367,11.729943933910594,42.02238904260819,41.16138363270807,0.034427106929953766
41.30483606609741,43.41967470682343,41.34265635490373,4.655391509488932,12.027359298031865,42.06393461094367,41.19581073963803,0.10902532645938123
41.34487232126162,43.4648482423433,41.38208326922608,4.319181018358204,12.293456191608726,42.13809718117128,41.30483606609741,0.04003625516421039
41.41515018561574,43.5466329677288,41.45250839016933,4.473878961788566,11.900266199016722,42.288452190078324,41.34487232126162,0.07027786435411798
41.55609731899772,43.71395168159085,41.5953075696464,4.83310240726015,12.540701609213238,42.41035229157337,41.41515018561574,0.14094713338198517
41.67126342370839,43.84820315716901,41.71159029384269,4.715654819193819,12.288866013539796,42.500119490605925,41.55609731899772,0.11516610471066713
41.75708312699606,43.94553184866679,41.797743496154936,4.578530885463103,11.925035307031685,42.564314230297406,41.67126342370839,0.08581970328766886
41.81945476724528,44.01363709704165,41.859850826605296,4.468721641778614,12.545823706837377,42.741632979691246,41.75708312699606,0.062371640249224924
41.98650019244303,44.20920694033619,42.02919180629453,4.997754369733623,11.914738082771647,42.8509623104839,41.81945476724528,0.1670454251977489
42.09123491731781,44.32707577090721,42.13457624322668,4.700052968828921,11.599435128401629,42.97167134512805,41.98650019244303,0.1047347248747812
42.20671118405224,44.457377950809146,42.25092490052279,4.762920740044958,12.001872206394925,43.110335200161416,42.09123491731781,0.11547626673442579
42.33904132240993,44.60747583026357,42.384488447810746,4.857255133517994,12.055108067186746,43.225284694319704,42.20671118405224,0.1323301383576947
42.4497537580437,44.73026161087471,42.49583871404071,4.760622859624473,11.810964968116686,43.384516184979475,42.33904132240993,0.11071243563376498
42.60159590285155,44.9026670820546,42.64928557003228,4.976135314560517,11.689435207202946,43.48646027281677,42.4497537580437,0.1518421448078513
42.70082788668188,45.00980030022957,42.74875263153888,4.726212391516501,12.57935795460539,43.61563615415732,42.60159590285155,0.09923198383032883
42.82532558968889,45.14749562160397,42.87408725117909,4.861674062348447,12.205541139587964,43.7858553933625,42.70082788668188,0.12449770300700891
42.98797188672665,45.33113835689773,43.03845593646312,5.063547040966176,12.170541384374456,43.92962920025213,42.82532558968889,0.16264629703776023
43.126525235854416,45.48430902788088,43.17805333702109,4.957247287294408,11.575182023358456,44.04534696987897,42.98797188672665,0.1385533491277684
43.239354095428425,45.60544306099769,43.291243753210765,4.8410184422528335,12.44307585066944,44.10984250420711,43.126525235854416,0.11282885957400879
43.30489890437233,45.6686514643388,43.3559771439102,4.615050557705444,12.51325469620502,44.29484977131823,43.239354095428425,0.0655448089439048
43.481728292436806,45.86806926314853,43.53475175836936,5.178261574762976,11.6589801891668,44.38833863395908,43.30489890437233,0.17682938806447623
43.5743192463242,45.963564967839766,43.62713168771328,4.772493501609501,11.764213981814144,44.46647155128071,43.481728292436806,0.09259095388739524
43.652670012786594,46.041809788129655,43.70493485292591,4.710261184792836,12.32150246865739,44.59118084473692,43.5743192463242,0.07835076646239258
43.773983930162544,46.17278100305343,43.82677760099477,4.932922610624121,11.989034788066649,44.680174237815464,43.652670012786594,0.1213139173759501
43.86237809054788,46.263274733738,43.91486988916051,4.77948948765385,12.22385616173536,44.795751852421745,43.773983930162544,0.08839416038533443
43.97529635119722,46.38385904203668,44.02810016403132,4.910739447982507,12.127905368954838,44.9844521849,43.86237809054788,0.1129182606493444
44.15589134392456,46.58682292879498,44.210642281980455,5.259648329672444,11.897033859419288,45.16179782278149,43.97529635119722,0.18059499272733603
44.32636237509791,46.77631791783417,44.38271317541236,5.224851131772162,12.509150557536833,45.31979403952397,44.15589134392456,0.17047103117334927
44.47923925782658,46.94346391467998,44.53667894606536,5.152025096879501,12.167904397369991,45.45491362164726,44.32636237509791,0.15287688272866973
44.61115395289704,47.08447072228634,44.6691161897584,5.06107493544963,12.552556915280393,45.528588647581365,44.47923925782658,0.1319146950704635
44.68633007492832,47.15603084308461,44.74340502473118,4.78966432850714,12.134563000766136,45.63737088679549,44.61115395289704,0.0751761220312801
44.79377339935453,47.26754365365523,44.850795607376696,4.958879552808276,11.815035256098357,45.76995076322297,44.68633007492832,0.10744332442620674
44.92319372498603,47.40595528732226,44.98070327736065,5.079101942662872,11.830316092157895,45.83263801093523,44.79377339935453,0.12942032563150008
44.9880640586768,47.46538808913619,45.04446188499271,4.768394884718817,11.895282910506808,45.975013843980584,44.92319372498603,0.06487033369077011
45.12638816116176,47.61512848837028,45.18352488240971,5.142694515246553,12.277869237095633,46.141495599946474,44.9880640586768,0.1383241024849653
45.28713429455217,47.79183287069066,45.345519634596606,5.267495450347333,11.677659264386484,46.26822026166335,45.12638816116176,0.1607461333904041
45.41134505891453,47.923291566796216,45.470024159279305,5.099297393653202,11.502638278256402,46.315269969483076,45.28713429455217,0.12421076436235978
45.46191974846615,47.96480814363008,45.51908201635301,4.74281330286138,12.009932022165271,46.43672869978619,45.41134505891453,0.05057468955162392
45.58098626815663,48.0908175968103,45.63838223439162,5.091235733782617,11.929666203518323,46.0705256224681,45.46191974846615,0.11906651969047743
45.224010449283774,47.71595313057583,45.27161328754468,4.722236399586013,11.551933198848422,46.158262853362054,45.58098626815663,-0.35697581887285423
45.31184807553572,47.80363994793702,45.35930053661341,4.912394908058916,12.443642156419518,46.310119603492716,45.224010449283774,0.08783762625194669
45.45885975908531,47.9638801261095,45.50761892528334,5.217064038061372,12.056015682858998,46.36197068318029,45.31184807553572,0.14701168354958583
45.513571544299765,48.01101741560141,45.561323089639714,4.768942865278398,11.965471691647014,46.017810829798016,45.45885975908531,0.054711785214458075
45.17667786919627,47.6612309958698,45.21552362432799,4.817144191782333,12.349577519095869,46.082707763801174,45.513571544299765,-0.33689367510349655
45.24320722593314,47.72317797502763,45.28173809044275,4.801859257936649,11.995834441169842,46.198094483766916,45.17667786919627,0.0665293567368721
45.35621640271228,47.84247507396817,45.39559197462032,5.041369531579552,12.007890311639857,46.28702859954504,45.24320722593314,0.11300917677913702
45.44479468793416,47.931907230602384,45.48438388009857,4.929887199255078,11.865976170389832,46.38809998469193,45.35621640271228,0.08857828522188527
45.54450839275975,48.03521145950049,45.58458010181554,4.994336738654507,12.18195756527889,46.08387526276755,45.44479468793416,0.09971370482558939
45.24427817584452,47.730691005009845,45.276656607448274,5.0042294480257805,11.557254653996363,46.17043854241811,45.54450839275975,-0.30023021691523155
45.33076678774705,47.8169731152165,45.36357572429079,4.908229594180587,12.02676901199705,46.23957155998551,45.24427817584452,0.08648861190253143
45.4010265391655,47.88382792632144,45.43386021446959,4.835754803119998,12.190941060210362,46.356388805636925,45.33076678774705,0.07025975141844754
45.5152003499046,48.00482543856479,45.54914062844139,5.062691568896457,12.418347167658226,46.05073600879782,45.4010265391655,0.11417381073910349
45.21362098210494,47.6985097093721,45.24007733491641,4.9946606871261485,12.226512003681314,46.08376223566472,45.5152003499046,-0.3015793677996612
45.25056800394598,47.72423803391238,45.27648066913579,4.65760833468897,11.866671570259214,46.14620679541948,45.21362098210494,0.03694702184103704
45.314371264398886,47.783810254467326,45.34043886739221,4.796706099662498,11.534185251399473,46.21434913765555,45.25056800394598,0.0638032604529073
45.383252058887,47.85019078569454,45.409604568385134,4.828897199873618,11.841369318358534,46.3140254069069,45.314371264398886,0.06888079448811624
45.48114040762723,47.9524517765313,45.50848403656217,4.981073076909098,12.280647697317711,46.41290543926857,45.383252058887,0.09788834874022712
45.5782908630078,48.05385661131686,45.60656884348106,4.9867351807751765,12.339262045719469,46.106494981714064,45.48114040762723,0.09715045538057154
45.2755260751727,47.74741477036157,45.29654409960792,4.996448572294373,12.3486677890081,46.120141165825174,45.5782908630078,-0.30276478783510186
45.29409893383049,47.751957472317606,45.31436709132742,4.5732280312873295,11.90996063643792,46.14886253187632,45.2755260751727,0.018572858657790903
45.32621296106755,47.77425822719916,45.34611640736223,4.64419417571963,11.74236164046287,46.22215142565449,45.29409893383049,0.03211402723705703
45.39923551019925,47.84741285555494,45.41980591120926,4.85292951515208,11.66128661939612,46.28117798804045,45.32621296106755,0.07302254913170003
45.458985794099554,47.90466965496444,45.47987851505736,4.793857235985897,12.19352400356446,46.32920630710789,45.39923551019925,0.05975028390030701
45.50842728888814,47.94980463188941,45.52938700054613,4.748537667266402,11.757585338390887,46.30124586956513,45.458985794099554,0.049441494788588614
45.48742874528374,47.909563615268645,45.50674524814299,4.40171227656665,12.095385889144191,46.30254152674146,45.50842728888814,-0.02099854360440645
45.492990754088005,47.90322598196944,45.5114078441669,4.534339431551233,11.963294019516766,46.270421982892536,45.48742874528374,0.005562008804268714
45.46732804155779,47.85979801835848,45.48413988876132,4.379961989969599,11.97068732016366,46.312730917007094,45.492990754088005,-0.025662712530213128
45.51004054425525,47.90114534270841,45.52700686405763,4.721048319962975,12.13633543969302,46.359246129981564,45.46732804155779,0.04271250269745508
45.55655363527436,47.94741799925474,45.57376675541558,4.7444590296758005,12.424622388106608,46.33349956545154,45.51004054425525,0.04651309101911494
45.536185062792114,47.91230621119597,45.55200742236652,4.414726064718169,12.400913570556693,46.27219630533998,45.55655363527436,-0.02036857248224777
45.48256613875441,47.8377581348467,45.49626464241885,4.247911771250299,12.002446843683478,46.29786480506082,45.536185062792114,-0.05361892403770696
45.50886929811004,47.86221609621712,45.52250902085531,4.644253211044338,12.116005744205124,46.23148158856794,45.48256613875441,0.026303159355634875
45.44997281679229,47.78298952961582,45.46148241929573,4.221069843411558,11.701119051159312,46.18736582245767,45.50886929811004,-0.0588964813177526
45.41119069151194,47.72973201621385,45.4211747596472,4.317784983995132,12.13729782096464,46.22637370347727,45.44997281679229,-0.03878212528034908
45.44892780576215,47.77085826845289,45.45933503621677,4.69795050793202,12.286937024581448,46.229284680249684,45.41119069151194,0.037737114250212755
45.45333179066844,47.77119282700468,45.46332942307591,4.534719658838601,11.912686271978515,46.13652001077926,45.44892780576215,0.004403984906289793
45.36915187606829,47.66380628395109,45.3766018723184,4.092647502432508,12.510251083458646,46.119650111597366,45.45333179066844,-0.08417991460015628
45.35462720968741,47.642960828133525,45.36136229697115,4.434826414914112,11.729032335130572,46.09322241715774,45.36915187606829,-0.014524666380879125
45.3311117583882,47.61160516418344,45.33695032890159,4.389052102628072,12.237397844156323,46.03386872598001,45.35462720968741,-0.023515451299211065
45.27696772605039,47.54342921708832,45.28120923480134,4.234341673570237,12.430547899344775,46.01766617873656,45.3311117583882,-0.05414403233780973
45.26241214846162,47.52448134826206,45.26610503948601,4.428272735557401,11.637126191543052,45.97408599525769,45.27696772605039,-0.0145555775887658
45.22244028238488,47.47482536527953,45.22499233810864,4.300174964482409,12.30533076715771,45.85614197649152,45.26241214846162,-0.039971866076740525
45.113494024692855,47.34165138617612,45.11328051860559,3.9522742314888815,12.154069485803282,45.73186406472252,45.22244028238488,-0.10894625769202548
44.99817148341707,47.20224237343209,44.995178337318414,3.9119209599420257,11.787692716556766,45.60006913973198,45.113494024692855,-0.11532254127578767
44.87539032621358,47.05524022989427,44.86957686308811,3.86550427332274,11.60240986701131,45.56828662553337,44.99817148341707,-0.12278115720349092
44.844585388703806,47.02193610626551,44.838338381630784,4.315529354704421,11.57179882430631,45.4473356754363,44.87539032621358,-0.03080493750977098
44.73129917537158,46.888082867138365,44.72262498379894,3.900292400453096,11.889608128900962,45.30322893778699,44.844585388703806,-0.11328621333222344
44.596186149533935,46.728826858378056,44.584673805448986,3.781886419172226,11.856732475783092,45.24608840150315,44.73129917537158,-0.13511302583764717
44.54100336246948,46.66851653633295,44.52874530570702,4.170440608746667,11.54488957060381,45.158351393652424,44.596186149533935,-0.05518278706445301
44.45745840918167,46.57379943903192,44.44379633274369,4.023624252421568,11.739420660729666,45.047406139619135,44.54100336246948,-0.08354495328781297
44.35225502190823,46.45323525215886,44.33672814479031,3.908094801565937,12.369667776385104,44.877168434927114,44.45745840918167,-0.10520338727344125
44.19194104852976,46.26626834784136,44.17329590841021,3.623557612273441,12.043680581387212,44.722032130363566,44.35225502190823,-0.16031397337846442
44.04506978884847,46.09723677927974,44.02378982296247,3.677405076515358,12.483234593579166,44.63481450773486,44.19194104852976,-0.14687125968129067
43.96058446884606,46.00553734151824,43.93832171284027,3.976863679829654,12.026152074752314,44.45820261745741,44.04506978884847,-0.08448532000241471
43.79334872622727,45.81313077697412,43.76812834917083,3.555384446523426,12.50471022788644,44.34871866751058,43.96058446884606,-0.16723574261878582
43.6877119040334,45.69726114899865,43.66118294949972,3.8491725565787256,11.737068200669658,44.16441323700868,43.79334872622727,-0.1056368221938726
43.51274459288976,45.49721916135179,43.48327595678449,3.4929797101886044,12.078363549837112,43.9561239596889,43.6877119040334,-0.1749673111436394
43.31514021792361,45.27090756579173,43.28232409535135,3.36480512761204,12.506462712106051,43.830291607705256,43.51274459288976,-0.19760437496614713
43.19325146262922,45.1385230655319,43.15910029495465,3.726493510533572,11.989515043635755,43.70579081833072,43.31514021792361,-0.12188875529439258
43.07246200200758,45.0078470914267,43.03706336155789,3.720850682864461,11.596664295646557,43.497740200938175,43.19325146262922,-0.12078946062163709
42.874299779088936,44.78309870715378,42.83582211657178,3.322896576665622,11.624903968966704,43.31545140570745,43.07246200200758,-0.19816222291864705
42.69948724092485,44.58821594650217,42.65865102969535,3.422487394281984,12.45441981596944,43.17344702757318,42.874299779088936,-0.17481253816408326
42.56160006406872,44.4393216042083,42.51941941444253,3.5916399692541034,11.664780596642805,42.95134756251294,42.69948724092485,-0.1378871768561325
42.34952594169921,44.20026535280952,42.304251393030086,3.2080172405453613,11.5508555394677,42.80170285097944,42.56160006406872,-0.21207412236950773
42.20398401442372,44.04373470379357,42.15738983472104,3.522169016681404,11.930346892218756,42.631964309248254,42.34952594169921,-0.1455419272754952
42.03974677893199,43.86471027105023,41.99143587776255,3.4152371550467207,12.251185675209156,42.38418353484435,42.20398401442372,-0.16423723549172564
41.80315187333218,43.59796032197288,41.75143840922798,3.038503800682376,11.669744454331203,42.17711966215024,42.03974677893199,-0.23659490559980867
41.60368729629408,43.378027966511816,41.54964372364483,3.203511457278636,12.125273165331867,41.95959642548329,41.80315187333218,-0.19946457703809983
41.39424749245689,43.14680066726434,41.33774111672866,3.1357356434216714,11.939837346321418,41.799392691545066,41.60368729629408,-0.20943980383719207
41.23748245099138,42.98077971244786,41.17991591119595,3.380344224437398,12.526064652015936,41.64188495088459,41.39424749245689,-0.15676504146551196
41.083156614103245,42.81786382049005,41.02463441806047,3.3777893345128214,11.90163325631235,41.47805291485903,41.23748245099138,-0.15432583688813395
40.92294433797779,42.647851620816056,40.863362785783245,3.333783560144345,12.065141876097943,41.31384538342363,41.083156614103245,-0.1602122761254563
40.762321125786144,42.47749923649186,40.7017157879929,3.3166876445557363,12.200988966572972,41.120552187142195,40.92294433797779,-0.16062321219164488
40.57474213949191,42.2744150896609,40.51249933227378,3.166819370036888,11.703338855550296,40.94902358308308,40.762321125786144,-0.18757898629423408
40.40710475175998,42.09617906122735,40.34378693626191,3.2493199802726416,12.556111205392654,40.76845982745619,40.57474213949191,-0.16763738773192927
40.2310372518782,41.9078565320734,40.16648569841697,3.1914655448203475,12.149830322418907,40.88748966330289,40.40710475175998,-0.17606749988178194
40.353892491994,42.01452022341657,40.29405627449808,2.91969799774731,12.518618197212328,40.6508269332631,40.2310372518782,0.12285524011580407
40.12528865852053,41.764349662757496,40.062842478511264,2.9263073086897835,12.232932048972849,40.72641409423924,40.353892491994,-0.22860383347347124
40.20712231248321,41.82375782726995,40.14836214296456,2.707791035241734,12.175920230561792,40.788905421117704,40.12528865852053,0.08183365396267561
40.27617377136153,41.86985650971898,40.220685982272606,2.6543059741612587,11.96305208459442,40.836809974316225,40.20712231248321,0.0690514588783202
40.33106405830664,41.900948249073664,40.27841761556837,2.592700538025984,12.113685200030256,40.9343970549491,40.27617377136153,0.05489028694510978
40.43121394972816,41.98953217196195,40.38244504315719,2.8268674438615577,11.681959153105687,40.95141186153243,40.33106405830664,0.10014989142152331
40.456453100741385,41.98817468319794,40.40960780065797,2.463485327815571,12.390711072233913,40.942461365203286,40.43121394972816,0.02523915101322416
40.45696041169712,41.95901789603888,40.41140578787386,2.3450097066071383,11.955961567662593,40.93585276022729,40.456453100741385,0.0005073109557329758
40.45885697230116,41.93407562046143,40.41462568791928,2.3549730957557538,11.81720664629802,41.01683211383069,40.45696041169712,0.0018965606040453054
40.54104034209641,42.00937176736773,40.50008423202793,2.75928068139032,11.947076000398212,40.67971049591085,40.45885697230116,0.08218336979524565
40.21434560606036,41.65680938884797,40.167976492824224,2.4737972115022377,12.50659852550216,40.68633842173627,40.54104034209641,-0.32669473603604615
40.22720798729983,41.64926453636548,40.182542741543486,2.3915000885246203,11.608650267603188,40.75961241393317,40.21434560606036,0.012862381239465037
40.301151192302186,41.71803802338091,40.25964802611641,2.700231168835206,12.24090453242287,40.78613011900776,40.22720798729983,0.07394320500235807
40.33164984228022,41.734602423989,40.29213809075404,2.4909196860125333,12.386759286245445,40.72544564973406,40.301151192302186,0.03049864997803553
40.281120933296535,41.65364550250396,40.2415705134017,2.090225181138728,12.08207094722248,40.758132908034945,40.33164984228022,-0.05052890898368645
40.31618982688381,41.679470964202295,40.278737933018725,2.516204104345263,11.842558199871569,40.692990054484476,40.281120933296535,0.0350688935872725
40.260522601998034,41.59555705573713,40.222890505718254,2.0669547445276635,12.25725744843086,40.611643435609246,40.31618982688381,-0.05566722488577369
40.18919519910919,41.49468417858106,40.15105092913748,1.985911800381697,12.252594032605185,40.62275397381223,40.260522601998034,-0.07132740288884065
40.20266652393545,41.49945201599046,40.16614338151079,2.405727246095012,12.557845301107433,40.58100938647479,40.18919519910919,0.013471324826255682
40.16702729509121,41.44512237871511,40.130878485618034,2.162391958966853,12.433219303705924,40.47609463258047,40.20266652393545,-0.03563922884423931
40.07252998805518,41.32042081009765,40.03533309958858,1.866406685966585,11.577339503635669,40.45213831949174,40.16702729509121,-0.0944973070360291
40.05220739065695,41.28835059440313,40.015856973415126,2.2308509296101118,11.72971948645559,40.42715858242183,40.07252998805518,-0.02032259739822706
40.03065889606794,41.255707223107656,39.995109628089885,2.223863945746055,11.577913146963835,40.29640521952975,40.05220739065695,-0.021548494589012535
39.91104361991093,41.10428417694949,39.87388786172884,1.7324846761178034,11.644333580201163,40.20828494872328,40.03065889606794,-0.11961527615701328
39.83015061278421,41.002263560779646,39.792440672606,1.917315270653612,11.657248920197503,40.17620240977062,39.91104361991093,-0.08089300712671843
39.80061445546655,40.96433836486806,39.76365440897724,2.168122979890594,12.411940609405145,40.12704543924908,39.83015061278421,-0.029536157317657796
39.75511021095398,40.90753363506508,39.71849247172818,2.0861678320436576,12.259865097888296,39.98377485578664,39.80061445546655,-0.04550424451257129
39.62234277513873,40.74504188180445,39.58393991041675,1.646431499608051,12.390884040473992,39.9362612508824,39.75511021095398,-0.13276743581524642
39.57749016450973,40.691736285683255,39.539557302454206,2.075701313702283,11.536229916713475,39.790199922728696,39.62234277513873,-0.04485261062900037
39.44134942330444,40.52759921065115,39.40165113423049,1.6156206983071402,11.822153348856276,39.641059970718935,39.57749016450973,-0.1361407412052955
39.30178316564128,40.3610548260767,39.2603419204388,1.5876786752799703,11.66486820066324,39.47032650711722,39.44134942330444,-0.1395662576631551
39.1417025594704,40.17115597483018,39.0981209870511,1.4738481196662274,11.732705258258578,39.32396349214577,39.30178316564128,-0.1600806061708795
39.0035575028965,40.00984009770929,38.958492875831546,1.5704996315415336,12.223167034056548,39.26564114054129,39.1417025594704,-0.1381450565739044
38.94637388084244,39.94866127830935,38.901888262472085,1.9638093805380583,12.106126181224424,39.1377311859558,39.0035575028965,-0.0571836220540618
38.82481457770614,39.80906257025181,38.779316409909455,1.636612132656099,12.305882202822293,39.0660868836053,38.94637388084244,-0.12155930313629426
38.75495280153303,39.73354366690168,38.709764182381214,1.8847477776505,12.361608532608818,38.972802492878166,38.82481457770614,-0.06986177617311284
38.665021408609135,39.63374177366665,38.61964429635869,1.7779792289969565,12.096931792434646,38.871444382379934,38.75495280153303,-0.0899313929238943
38.56747577633082,39.52511613501169,38.52174123579729,1.7319019429635565,12.04839195436842,38.682595044643016,38.665021408609135,-0.0975456322783188
38.38885751549958,39.31811527896305,38.34081233946642,1.3178922376088231,12.408679504532872,38.492449338043215,38.56747577633082,-0.1786182608312359
38.20850165964354,39.11061800922908,38.15822834525703,1.2941806959233997,11.67207348194157,38.302659668066504,38.38885751549958,-0.18035585585604252
38.02797160020853,38.904422103704015,37.97558530028697,1.2779882338307118,12.367453249352677,38.18443902625808,38.20850165964354,-0.18053005943500722
37.91315575077779,38.779789085507296,37.86037224248916,1.5910728625176265,12.528185813227564,38.082891015137484,38.02797160020853,-0.11481584943074097
37.81363931585367,38.67417878761994,37.760854941938845,1.6570700669842433,12.562531678966458,37.934803385155305,37.91315575077779,-0.09951643492411932
37.67105329374079,38.516137394798974,37.61721946692614,1.4323798738443292,11.58927812019972,37.83804630512187,37.81363931585367,-0.14258602211288007
37.57569591648594,38.41642186669784,37.52202113218185,1.6558100329940004,12.555816707659236,37.69856318327092,37.67105329374079,-0.0953573772548495
37.44083682659249,38.26850208518989,37.3863506380304,1.4492015471601478,12.459467378691684,37.507719864282635,37.57569591648594,-0.1348590898934532
37.258306268968106,38.06296454670108,37.20188877717872,1.1986643686775815,12.234486332765854,37.350303023317245,37.44083682659249,-0.18253055762438208
37.106294472002105,37.89582373431308,37.04879086363654,1.335305814293514,12.28707790608576,37.217879822177444,37.258306268968106,-0.15201179696600065
36.977178614403066,37.75725703572883,36.91920381640044,1.4360972329739272,11.684263933466983,37.07044038990012,37.106294472002105,-0.12911585759903943
36.83408763533748,37.60190867237501,36.77532486198788,1.354255123979773,12.483199623559512,36.847716879853984,36.977178614403066,-0.1430909790655832
36.62123519679881,37.36189282532103,36.56002261744211,0.992364467136642,11.666202742366588,36.651367987852616,36.83408763533748,-0.21285243853867541
36.43230610773746,37.15244478507038,36.369353070750016,1.0934123115209198,12.469753160563512,36.50736717756956,36.62123519679881,-0.18892908906134664
36.29146692717409,37.0025994995783,36.2280351059563,1.3170208402236094,11.930409815815423,36.39890205759064,36.43230610773746,-0.14083918056336842
36.18342292215254,36.8929479086544,36.12033534196498,1.4678134103692309,11.823051858737818,36.28018033518284,36.29146692717409,-0.10804400502155431
36.065990438958735,36.77155212037666,36.00299844621313,1.41022737759604,12.568501273556826,36.04977319322418,36.18342292215254,-0.11743248319380228
35.845329366014326,36.5240825520463,35.77990766161194,0.8827375110320324,11.927810967963325,35.941106819600485,36.065990438958735,-0.2206610729444094
35.73679319380636,36.41472603770191,35.67180122729319,1.4239767569584352,11.917370613284218,35.83043881754542,35.845329366014326,-0.10853617220796252
35.62652359730944,36.30289810453339,35.561894750793414,1.404538052506437,12.383507787840063,35.62919633946043,35.73679319380636,-0.11026959649692003
35.43260219176611,36.08871204862264,35.36627477799252,0.9754078812919232,12.072495443926856,35.43335559980476,35.62652359730944,-0.19392140554333537
35.24337405692334,35.8811443566301,35.17554838586084,0.981508559277102,11.962367990010623,35.52905146408568,35.43260219176611,-0.18922813484277157
35.33604123816381,35.97824259537455,35.272870558718694,1.3738962819240186,11.97637611223518,35.58790335495528,35.24337405692334,0.09266718124047202
35.3946685009322,36.03390369331004,35.3351378706236,1.2125203019372612,12.015418951086987,35.38296926746912,35.33604123816381,0.0586272627683897
35.196675146532804,35.8170441061806,35.135188549693964,0.935576558858476,12.329927818202716,35.39843857710438,35.3946685009322,-0.1979933543993937
35.2147967004326,35.82459837797728,35.15592065290325,0.9982383881874716,12.572296482860542,35.44878683237234,35.196675146532804,0.018121553899796083
35.264883691083135,35.87216283150832,35.20931397452558,1.1609344555414585,11.841615628857744,35.45099435860757,35.2147967004326,0.050086990650534347
35.27034675468601,35.86576446174129,35.21687185939542,0.9430757730801728,12.265660840913805,35.52819588034605,35.264883691083135,0.00546306360287474
35.3448470726644,35.94465165139522,35.295088916978514,1.2899944946550337,11.56335862970714,35.56839744742299,35.27034675468601,0.07450031797839074
35.38517925168936,35.98185755036922,35.33815554021039,1.1261651445181426,12.11258505782279,35.5804473348629,35.3448470726644,0.04033217902495778
35.399363650301964,35.98764178236468,35.35433657192206,0.9997720883639964,12.057894434354736,35.63585695382386,35.38517925168936,0.01418439861260623
35.45341388849964,36.04286462290618,35.41129235006576,1.2013597428122875,11.564557410256697,35.465497477000945,35.399363650301964,0.05405023819767507
35.28610720548793,35.868207832727066,35.242177392787816,1.0998629003507507,11.613742819873652,35.480031057720346,35.45341388849964,-0.16730668301170937
35.30234650464117,35.87738915757388,35.260357510946,1.0015971535910828,11.677648013447149,35.43601890386963,35.28610720548793,0.016239299153241404
35.26425521963801,35.82098381316833,35.222817678802535,0.7322739601550201,11.676279029492427,35.4330167134178,35.30234650464117,-0.038091285003162056
35.26365221058909,35.811711210333954,35.22368671933035,0.9177376173661976,12.429551057536466,35.496779396513325,35.26425521963801,-0.0006030090489161921
35.32456539014058,35.878243632425374,35.28752916697402,1.2261252188418426,11.685731050096054,35.49298943280639,35.26365221058909,0.06091317955148412
35.32310414119234,35.868509473453834,35.28735468377301,0.9197824700443916,12.554594683378111,35.44983823266955,35.32456539014058,-0.0014612489482388469
35.28503786520791,35.81483199625925,35.24964483654147,0.7374385009709623,12.39491343884327,35.497265298005075,35.32310414119234,-0.03806627598442702
35.33036436604109,35.86405991115492,35.29737161681922,1.1521568775815592,12.541545605479374,35.55740350854839,35.28503786520791,0.04532650083317691
35.38750501498607,35.927602679557964,35.35710283110114,1.215370126817639,12.072030121727057,35.604888829598835,35.33036436604109,0.057140648944979944
35.43305877771156,35.976752042641266,35.40485566844369,1.162509548668866,12.15883677140582,35.62053081362897,35.38750501498607,0.04555376272548983
35.44921890909945,35.98996534160588,35.422408190181585,1.0197372082176313,11.525548819696043,35.65090199964031,35.43305877771156,0.016160131387891852
35.478908962462555,36.02002516763637,35.45377186882202,1.0892975144748378,12.15796619160658,35.47538186567069,35.44921890909945,0.029690053363104596
35.30562447193988,35.84257722194115,35.27794390313106,1.0773568231155002,12.053033739601869,35.553994907807265,35.478908962462555,-0.17328449052267558
